Date,Open,High,Low,Close,Volume
2021-04-22 13:30:00,46.0,46.5,45.2,45.3,144632.0
2021-04-23 09:30:00,45.3,45.9,43.0,44.7,132013.0
2021-04-23 13:30:00,44.8,45.2,44.5,44.6,54442.0
2021-04-27 09:30:00,44.6,44.6,43.0,43.0,236517.0
2021-04-27 13:30:00,43.0,43.7,42.0,42.9,127649.0
2021-04-28 09:30:00,42.4,44.8,42.4,44.5,430627.0
2021-04-28 13:30:00,44.5,45.0,44.5,45.0,56538.0
2021-04-29 09:30:00,45.0,46.1,43.9,46.0,114670.0
2021-04-29 13:30:00,45.0,45.6,44.1,45.2,11106.0
2021-04-30 09:30:00,45.2,45.7,44.8,45.0,9876.0
2021-05-03 09:30:00,44.5,45.5,44.1,45.0,25623.0
2021-05-03 13:30:00,44.5,45.4,44.5,44.5,15666.0
2021-05-04 09:30:00,44.6,44.6,43.9,44.0,147174.0
2021-05-04 13:30:00,43.9,44.0,43.0,43.0,177542.0
2021-05-05 09:30:00,43.2,44.0,43.1,43.6,5756.0
2021-05-05 13:30:00,43.7,43.9,43.0,43.5,419209.0
2021-05-06 09:30:00,43.0,44.9,43.0,44.7,509035.0
2021-05-06 13:30:00,44.5,44.5,44.0,44.3,8589.0
2021-05-07 09:30:00,44.7,44.8,44.5,44.7,50542.0
2021-05-07 13:30:00,44.7,45.3,44.7,45.0,162688.0
2021-05-10 09:30:00,45.0,45.0,44.3,44.5,1099505.0
2021-05-10 13:30:00,44.5,44.6,44.5,44.5,41415.0
2021-05-11 09:30:00,44.5,44.8,44.1,44.5,56143.0
2021-05-11 13:30:00,44.8,46.0,44.8,45.3,239545.0
2021-05-12 09:30:00,45.5,46.5,45.5,45.5,118400.0
2021-05-12 13:30:00,45.5,46.5,45.2,45.2,906569.0
2021-05-13 09:30:00,45.5,46.8,45.1,46.5,86397.0
2021-05-13 13:30:00,46.5,46.5,46.1,46.5,14864.0
2021-05-17 09:30:00,46.0,47.5,44.9,46.5,161967.0
2021-05-17 13:30:00,46.4,47.5,46.4,47.5,103148.0
2021-05-18 09:30:00,47.4,47.6,46.2,46.5,46335.0
2021-05-18 13:30:00,46.9,46.9,46.8,46.8,14714.0
2021-05-19 09:30:00,47.0,47.2,46.5,47.0,132494.0
2021-05-19 13:30:00,47.2,47.2,47.0,47.0,3177.0
2021-05-20 09:30:00,47.0,47.0,46.2,47.0,640567.0
2021-05-20 13:30:00,46.5,46.9,46.0,46.9,14132.0
2021-05-21 09:30:00,47.0,47.0,45.6,46.0,258933.0
2021-05-21 13:30:00,46.0,46.0,45.8,46.0,112831.0
2021-05-24 09:30:00,45.5,47.0,45.0,47.0,16800.0
2021-05-24 13:30:00,46.8,46.8,45.8,45.8,3200.0
2021-05-25 09:30:00,45.5,47.1,45.5,46.5,49376.0
2021-05-25 13:30:00,46.7,46.8,45.6,46.5,18243.0
2021-05-28 09:30:00,46.0,47.2,46.0,46.9,599191.0
2021-05-28 13:30:00,46.9,47.0,46.6,47.0,39187.0
2021-05-31 09:30:00,47.5,47.5,46.3,47.0,118963.0
2021-05-31 13:30:00,47.0,47.3,47.0,47.0,30644.0
2021-06-01 09:30:00,47.0,47.5,47.0,47.5,219057.0
2021-06-01 13:30:00,47.0,47.5,47.0,47.5,10979.0
2021-06-02 09:30:00,47.5,47.5,46.9,46.9,91850.0
2021-06-02 13:30:00,47.0,47.0,46.6,46.6,32913.0
2021-06-03 09:30:00,46.8,47.0,46.1,46.6,47464.0
2021-06-03 13:30:00,46.6,47.1,46.5,47.1,109795.0
2021-06-04 09:30:00,47.0,47.5,46.6,46.9,223932.0
2021-06-04 13:30:00,46.8,47.0,46.6,47.0,110203.0
2021-06-07 09:30:00,47.0,47.5,46.8,47.3,554819.0
2021-06-07 13:30:00,47.2,47.3,47.0,47.3,118110.0
2021-06-08 09:30:00,47.5,47.5,46.8,47.0,161690.0
2021-06-08 13:30:00,47.0,47.0,46.9,47.0,53707.0
2021-06-09 09:30:00,47.0,49.6,47.0,49.2,1928111.0
2021-06-09 13:30:00,49.2,49.5,49.0,49.0,409387.0
2021-06-10 09:30:00,49.6,49.7,48.9,49.0,169546.0
2021-06-10 13:30:00,49.0,49.0,48.7,49.0,45493.0
2021-06-11 09:30:00,49.1,49.1,48.4,48.7,61565.0
2021-06-11 13:30:00,48.9,49.0,48.1,48.1,92364.0
2021-06-14 09:30:00,48.7,49.6,48.0,49.0,327506.0
2021-06-14 13:30:00,49.0,49.5,49.0,49.5,318395.0
2021-06-15 09:30:00,51.5,51.8,51.0,51.3,2460509.0
2021-06-15 13:30:00,51.3,51.4,51.1,51.3,213914.0
2021-06-16 09:30:00,51.2,51.8,51.2,51.4,1237367.0
2021-06-16 13:30:00,51.4,51.7,51.4,51.5,419593.0
2021-06-17 09:30:00,51.5,51.7,51.3,51.5,387056.0
2021-06-17 13:30:00,51.5,51.7,51.4,51.6,189144.0
2021-06-18 09:30:00,51.7,52.0,51.6,51.6,501117.0
2021-06-18 13:30:00,51.6,51.8,51.5,51.6,217114.0
2021-06-21 09:30:00,51.8,51.8,51.3,51.5,340743.0
2021-06-21 13:30:00,51.5,51.5,51.0,51.0,218578.0
2021-06-22 09:30:00,51.0,51.1,50.7,50.9,882663.0
2021-06-22 13:30:00,50.9,50.9,50.5,50.5,302220.0
2021-06-23 09:30:00,47.3,49.0,45.0,47.8,312232.0
2021-06-23 13:30:00,47.7,47.8,47.5,47.5,99996.0
2021-06-25 09:30:00,47.7,48.0,47.0,47.8,53257.0
2021-06-25 13:30:00,47.7,47.8,47.3,47.4,83845.0
2021-06-28 09:30:00,47.6,47.6,46.6,47.0,91152.0
2021-06-28 13:30:00,46.8,47.0,46.6,46.8,50081.0
2021-06-29 09:30:00,46.8,46.9,46.4,46.6,105454.0
2021-06-29 13:30:00,46.6,46.6,46.4,46.6,50286.0
2021-06-30 09:30:00,46.5,46.5,45.8,46.0,135218.0
2021-06-30 13:30:00,46.0,46.4,46.0,46.2,13589.0
2021-07-01 09:30:00,46.1,46.8,45.7,45.8,217290.0
2021-07-01 13:30:00,45.8,46.0,45.7,46.0,74652.0
2021-07-02 09:30:00,46.0,46.9,45.0,46.4,100285.0
2021-07-02 13:30:00,46.4,46.8,46.1,46.5,40568.0
2021-07-05 09:30:00,46.3,46.7,46.0,46.0,79251.0
2021-07-05 13:30:00,45.9,46.1,45.9,46.0,22664.0
2021-07-06 09:30:00,46.0,46.9,46.0,46.0,70371.0
2021-07-06 13:30:00,46.2,46.2,45.9,46.0,39453.0
2021-07-07 09:30:00,46.6,46.6,46.0,46.6,10780.0
2021-07-07 13:30:00,46.5,46.6,46.2,46.3,8156.0
2021-07-08 09:30:00,46.6,46.6,46.4,46.5,32065.0
2021-07-08 13:30:00,46.5,46.5,46.3,46.4,15116.0
2021-07-09 09:30:00,46.4,46.4,46.1,46.4,68433.0
2021-07-09 13:30:00,46.4,48.0,46.3,47.5,68295.0
2021-07-12 09:30:00,47.5,47.8,46.6,47.8,257948.0
2021-07-12 13:30:00,47.7,48.6,47.7,48.4,74890.0
2021-07-13 09:30:00,48.6,48.9,48.3,48.4,225717.0
2021-07-13 13:30:00,48.4,48.5,48.0,48.2,124851.0
2021-07-14 09:30:00,48.1,49.0,48.1,48.4,42054.0
2021-07-14 13:30:00,48.1,48.5,48.1,48.5,35121.0
2021-07-15 09:30:00,48.4,49.5,48.0,49.2,177149.0
2021-07-15 13:30:00,49.2,50.7,49.0,50.0,643009.0
2021-07-16 09:30:00,50.0,51.4,49.6,49.9,658705.0
2021-07-16 13:30:00,50.0,50.4,49.9,50.2,138748.0
2021-07-19 09:30:00,50.9,50.9,49.6,50.0,169107.0
2021-07-19 13:30:00,50.0,51.2,50.0,51.0,250180.0
2021-07-20 09:30:00,51.0,51.6,50.8,51.6,747250.0
2021-07-20 13:30:00,51.6,51.7,51.3,51.3,92983.0
2021-07-22 09:30:00,51.6,52.8,51.6,52.1,1006711.0
2021-07-22 13:30:00,52.1,52.6,52.0,52.6,208999.0
2021-07-26 09:30:00,53.0,53.0,51.5,52.0,391552.0
2021-07-26 13:30:00,52.0,52.2,52.0,52.1,93966.0
2021-07-27 09:30:00,51.8,52.0,51.2,51.4,167050.0
2021-07-27 13:30:00,51.5,51.8,51.1,51.1,32216.0
2021-07-28 09:30:00,51.2,51.4,50.5,51.0,111897.0
2021-07-28 13:30:00,51.0,51.4,50.6,51.0,47442.0
2021-07-29 09:30:00,51.4,53.0,51.0,52.8,1114911.0
2021-07-29 13:30:00,52.8,52.8,52.6,52.8,180147.0
2021-07-30 09:30:00,52.9,52.9,51.8,51.8,1036281.0
2021-07-30 13:30:00,51.8,52.0,51.4,52.0,37107.0
2021-08-02 09:30:00,52.0,52.3,51.8,52.1,94597.0
2021-08-02 13:30:00,52.2,52.6,52.1,52.5,130124.0
2021-08-03 09:30:00,52.8,52.8,51.8,52.0,458713.0
2021-08-03 13:30:00,52.2,52.4,52.0,52.0,159168.0
2021-08-04 09:30:00,52.1,52.5,52.0,52.2,261473.0
2021-08-04 13:30:00,52.2,52.6,52.1,52.3,431318.0
2021-08-05 09:30:00,52.4,52.4,50.8,50.8,432530.0
2021-08-05 13:30:00,50.9,51.0,50.4,50.5,78395.0
2021-08-06 09:30:00,50.3,51.4,49.5,51.2,544013.0
2021-08-06 13:30:00,51.2,51.2,51.0,51.1,115431.0
2021-08-09 09:30:00,51.5,51.5,50.0,50.4,293119.0
2021-08-09 13:30:00,50.4,50.5,50.1,50.5,99065.0
2021-08-10 09:30:00,50.7,50.7,50.1,50.4,85070.0
2021-08-10 13:30:00,50.3,50.4,50.2,50.2,62298.0
2021-08-11 09:30:00,50.4,50.4,49.9,49.9,211250.0
2021-08-11 13:30:00,50.0,50.1,49.9,50.0,47330.0
2021-08-12 09:30:00,50.0,50.0,49.3,49.5,81873.0
2021-08-12 13:30:00,49.3,50.1,49.2,50.1,117768.0
2021-08-13 09:30:00,49.8,49.8,49.0,49.1,128891.0
2021-08-13 13:30:00,49.1,49.2,48.4,48.5,261824.0
2021-08-16 09:30:00,50.5,50.5,48.0,48.6,16698.0
2021-08-16 13:30:00,48.5,49.4,48.5,49.3,10695.0
2021-08-17 09:30:00,48.8,49.0,48.1,49.0,62266.0
2021-08-17 13:30:00,49.0,49.9,49.0,49.8,11014.0
2021-08-18 09:30:00,49.9,49.9,49.0,49.1,60640.0
2021-08-18 13:30:00,49.7,49.8,48.8,49.0,21922.0
2021-08-19 09:30:00,49.5,49.5,48.0,48.5,180275.0
2021-08-19 13:30:00,48.5,48.5,48.0,48.0,101952.0
2021-08-20 09:30:00,48.1,49.2,48.0,48.5,133334.0
2021-08-20 13:30:00,48.5,48.5,48.0,48.1,29932.0
2021-08-23 09:30:00,48.7,48.7,47.5,48.5,116193.0
2021-08-23 13:30:00,48.5,48.9,48.0,48.3,71652.0
2021-08-24 09:30:00,48.2,49.5,48.0,49.0,268183.0
2021-08-24 13:30:00,49.0,51.2,49.0,51.0,496340.0
2021-08-25 09:30:00,51.3,53.5,51.3,52.5,1656662.0
2021-08-25 13:30:00,52.7,52.9,51.5,52.1,509789.0
2021-08-26 09:30:00,52.1,53.0,51.2,52.1,693163.0
2021-08-26 13:30:00,52.1,53.2,52.0,53.0,178919.0
2021-08-27 09:30:00,53.0,53.2,51.6,52.0,358791.0
2021-08-27 13:30:00,51.8,52.0,51.6,51.7,205504.0
2021-08-30 09:30:00,51.5,52.0,50.5,51.2,308123.0
2021-08-30 13:30:00,51.1,51.3,50.6,50.6,170913.0
2021-08-31 09:30:00,50.5,51.0,50.0,50.4,107288.0
2021-08-31 13:30:00,50.8,51.0,50.4,50.7,93336.0
2021-09-01 09:30:00,50.8,51.9,50.0,51.1,1963807.0
2021-09-01 13:30:00,51.0,51.5,50.3,51.4,265765.0
2021-09-02 09:30:00,51.4,55.0,51.2,54.3,2585194.0
2021-09-02 13:30:00,54.2,56.0,54.2,55.9,2020276.0
2021-09-03 09:30:00,58.5,59.5,56.5,57.5,3869213.0
2021-09-03 13:30:00,57.5,58.0,57.4,57.6,274986.0
2021-09-06 09:30:00,57.8,60.1,55.5,58.9,3178695.0
2021-09-06 13:30:00,58.9,59.0,57.9,58.3,178860.0
2021-09-07 09:30:00,59.0,59.0,55.5,56.0,907248.0
2021-09-07 13:30:00,56.0,57.0,55.7,56.9,434929.0
2021-09-08 09:30:00,56.9,58.0,52.1,52.6,752803.0
2021-09-08 13:30:00,52.6,55.8,52.5,55.8,133142.0
2021-09-09 09:30:00,55.8,56.0,53.5,55.0,296719.0
2021-09-09 13:30:00,55.3,56.5,55.3,56.4,126423.0
2021-09-10 09:30:00,56.4,57.1,56.0,56.2,562917.0
2021-09-10 13:30:00,56.0,57.1,55.7,55.7,195457.0
2021-09-13 09:30:00,55.8,55.8,53.0,54.0,368652.0
2021-09-13 13:30:00,53.2,54.0,52.9,53.2,306277.0
2021-09-14 09:30:00,53.9,55.0,53.3,53.5,62995.0
2021-09-14 13:30:00,54.6,55.8,54.0,55.0,230405.0
2021-09-15 09:30:00,55.4,55.8,54.7,55.8,564815.0
2021-09-15 13:30:00,55.0,55.2,54.7,54.9,58979.0
2021-09-16 09:30:00,54.9,55.9,54.0,54.8,86486.0
2021-09-16 13:30:00,55.0,55.0,54.4,54.8,32351.0
2021-09-17 09:30:00,54.1,54.4,52.9,53.5,218463.0
2021-09-17 13:30:00,53.9,54.4,53.3,53.3,53149.0
2021-09-21 09:30:00,53.0,55.0,52.9,53.1,40563.0
2021-09-21 13:30:00,53.1,53.9,53.1,53.8,8874.0
2021-09-22 09:30:00,53.9,53.9,53.0,53.5,390246.0
2021-09-22 13:30:00,53.7,53.7,53.4,53.5,151270.0
2021-09-23 09:30:00,53.5,55.4,53.5,55.0,1730484.0
2021-09-23 13:30:00,55.3,55.4,55.0,55.4,59227.0
2021-09-24 09:30:00,55.4,55.6,54.5,55.0,278994.0
2021-09-24 13:30:00,55.0,55.2,54.8,55.2,11675.0
2021-09-27 09:30:00,55.2,56.3,55.2,56.0,537543.0
2021-09-27 13:30:00,56.3,57.7,56.3,57.4,945614.0
2021-09-28 09:30:00,57.8,59.0,57.0,58.3,1306728.0
2021-09-28 13:30:00,58.2,58.3,58.1,58.1,182358.0
2021-09-29 09:30:00,58.5,60.7,58.0,60.1,1914544.0
2021-09-29 13:30:00,60.0,60.2,60.0,60.1,458806.0
2021-09-30 09:30:00,60.0,61.5,59.5,59.9,594325.0
2021-09-30 13:30:00,59.9,60.0,59.5,60.0,57142.0
2021-10-01 09:30:00,60.0,62.2,60.0,61.5,1279459.0
2021-10-01 13:30:00,61.5,61.6,61.2,61.3,134042.0
2021-10-04 09:30:00,62.0,62.0,60.2,61.0,359661.0
2021-10-04 13:30:00,61.0,61.5,60.9,61.0,62761.0
2021-10-05 09:30:00,61.0,61.0,58.5,59.5,381189.0
2021-10-05 13:30:00,59.5,60.0,59.5,60.0,75270.0
2021-10-06 09:30:00,59.5,60.0,58.6,60.0,146334.0
2021-10-06 13:30:00,60.0,60.0,59.3,60.0,32836.0
2021-10-07 09:30:00,59.9,61.0,59.7,60.0,292967.0
2021-10-07 13:30:00,60.0,60.5,59.6,59.6,261350.0
2021-10-08 09:30:00,60.7,60.7,59.6,59.9,113180.0
2021-10-08 13:30:00,59.9,60.0,59.0,59.9,26667.0
2021-10-11 09:30:00,60.0,60.4,59.6,59.6,95742.0
2021-10-11 13:30:00,59.7,59.9,59.3,59.3,16089.0
2021-10-12 09:30:00,59.2,59.4,58.8,58.8,83558.0
2021-10-12 13:30:00,58.8,58.8,58.7,58.8,20984.0
2021-10-13 09:30:00,58.8,58.8,56.5,58.4,332105.0
2021-10-13 13:30:00,58.4,58.5,57.8,58.0,19747.0
2021-10-14 09:30:00,58.0,58.7,58.0,58.5,88810.0
2021-10-14 13:30:00,58.5,58.5,58.0,58.3,27940.0
2021-10-15 09:30:00,58.8,58.8,57.9,58.4,49979.0
2021-10-15 13:30:00,58.4,58.6,57.8,57.8,78434.0
2021-10-18 09:30:00,58.7,58.7,57.5,57.8,57626.0
2021-10-18 13:30:00,57.7,58.4,57.6,58.0,34160.0
2021-10-21 09:30:00,57.9,58.1,56.5,56.5,194316.0
2021-10-21 13:30:00,56.6,56.8,56.4,56.4,96924.0
2021-10-22 09:30:00,56.5,57.0,56.5,56.8,405927.0
2021-10-22 13:30:00,56.8,56.8,56.5,56.5,196667.0
2021-10-25 09:30:00,57.2,57.4,56.5,56.6,476552.0
2021-10-25 13:30:00,56.7,57.5,56.7,56.8,181437.0
2021-10-26 09:30:00,57.0,57.8,56.9,57.3,428632.0
2021-10-26 13:30:00,57.1,57.3,56.8,57.0,421664.0
2021-10-27 09:30:00,57.3,57.9,56.9,57.2,492151.0
2021-10-27 13:30:00,57.5,57.9,57.4,57.4,87595.0
2021-10-28 09:30:00,57.7,58.0,57.2,57.5,398399.0
2021-10-28 13:30:00,57.4,57.6,57.3,57.6,19175.0
2021-10-29 09:30:00,57.6,58.0,57.2,57.5,681232.0
2021-10-29 13:30:00,57.5,58.0,57.4,57.5,422392.0
2021-11-01 09:30:00,57.5,58.3,57.5,57.5,266090.0
2021-11-01 13:30:00,57.4,57.4,56.8,57.0,608237.0
2021-11-02 09:30:00,56.7,58.8,56.7,57.5,1309050.0
2021-11-02 13:30:00,58.0,58.0,57.5,57.7,85138.0
2021-11-03 09:30:00,58.0,58.3,57.5,57.5,202946.0
2021-11-03 13:30:00,57.5,57.6,57.0,57.1,61193.0
2021-11-05 09:30:00,57.2,57.6,57.0,57.3,167236.0
2021-11-05 13:30:00,57.6,57.6,57.0,57.1,167191.0
2021-11-08 09:30:00,57.2,57.2,56.5,56.8,287451.0
2021-11-08 13:30:00,56.9,56.9,56.5,56.5,37417.0
2021-11-09 09:30:00,56.5,56.5,55.0,55.5,132152.0
2021-11-09 13:30:00,55.7,55.7,54.5,54.8,285147.0
2021-11-10 09:30:00,55.0,57.0,54.0,56.5,178947.0
2021-11-10 13:30:00,56.5,56.8,56.0,56.8,73616.0
2021-11-11 09:30:00,58.1,59.5,57.7,57.9,533497.0
2021-11-11 13:30:00,57.9,58.0,57.7,57.8,27793.0
2021-11-12 09:30:00,58.0,58.4,57.8,58.0,298006.0
2021-11-12 13:30:00,58.0,58.0,57.3,58.0,99850.0
2021-11-15 09:30:00,56.0,57.0,55.8,56.7,255895.0
2021-11-15 13:30:00,56.9,57.0,56.4,57.0,79726.0
2021-11-16 09:30:00,57.5,57.5,56.5,57.0,525167.0
2021-11-16 13:30:00,57.0,57.0,56.3,56.9,74033.0
2021-11-17 09:30:00,56.9,57.0,56.0,56.2,304252.0
2021-11-17 13:30:00,56.5,56.5,56.0,56.0,223831.0
2021-11-19 09:30:00,56.2,56.8,56.0,56.2,265628.0
2021-11-19 13:30:00,56.1,56.2,55.5,55.5,364889.0
2021-11-22 09:30:00,54.5,55.4,54.5,54.6,214698.0
2021-11-22 13:30:00,54.6,54.6,54.4,54.6,58461.0
2021-11-23 09:30:00,54.6,55.5,54.0,54.0,176722.0
2021-11-23 13:30:00,54.0,55.4,53.5,55.0,12014.0
2021-11-24 09:30:00,53.9,54.0,52.7,53.8,487616.0
2021-11-24 13:30:00,53.1,54.0,52.9,53.0,204718.0
2021-11-25 09:30:00,53.2,53.9,53.0,53.8,171231.0
2021-11-25 13:30:00,53.8,54.8,53.3,54.8,72302.0
2021-11-26 09:30:00,54.5,55.0,53.5,54.5,144365.0
2021-11-26 13:30:00,54.5,55.0,54.2,55.0,125012.0
2021-11-29 09:30:00,54.0,55.0,54.0,54.0,157340.0
2021-11-29 13:30:00,54.0,54.9,53.9,54.0,21997.0
2021-11-30 09:30:00,54.0,55.5,53.9,54.0,821398.0
2021-11-30 13:30:00,54.0,54.5,53.9,54.0,114661.0
2021-12-01 09:30:00,54.4,57.6,54.4,56.3,1577462.0
2021-12-01 13:30:00,56.4,56.7,55.5,56.4,76351.0
2021-12-02 09:30:00,57.0,57.4,56.0,56.2,373443.0
2021-12-02 13:30:00,56.5,57.0,56.2,57.0,168605.0
2021-12-03 09:30:00,57.0,57.0,54.0,55.5,265169.0
2021-12-03 13:30:00,55.4,55.4,54.7,54.7,53168.0
2021-12-06 09:30:00,55.5,57.0,55.2,55.5,442159.0
2021-12-06 13:30:00,55.4,55.5,54.5,55.0,337578.0
2021-12-07 09:30:00,56.0,58.0,55.1,57.5,888854.0
2021-12-07 13:30:00,57.1,57.5,56.0,56.0,181820.0
2021-12-08 09:30:00,57.5,57.5,56.1,56.1,99404.0
2021-12-08 13:30:00,56.4,56.4,55.5,56.1,117768.0
2021-12-09 09:30:00,56.3,57.5,56.0,57.5,93402.0
2021-12-09 13:30:00,57.0,57.3,56.8,56.9,11620.0
2021-12-10 09:30:00,57.5,57.5,56.8,56.9,465594.0
2021-12-10 13:30:00,56.8,57.0,56.4,56.7,300498.0
2021-12-13 09:30:00,56.5,57.4,56.4,56.4,237407.0
2021-12-13 13:30:00,56.5,56.6,55.9,56.0,258587.0
2021-12-14 09:30:00,55.9,56.9,55.7,56.0,197485.0
2021-12-14 13:30:00,56.0,56.0,55.7,55.8,154114.0
2021-12-15 09:30:00,56.0,56.5,55.7,56.0,620420.0
2021-12-15 13:30:00,56.0,56.0,55.7,55.7,254915.0
2021-12-16 09:30:00,56.8,56.9,55.4,55.8,587498.0
2021-12-16 13:30:00,55.6,55.8,55.4,55.7,79629.0
2021-12-17 09:30:00,55.8,55.8,55.3,55.8,275543.0
2021-12-17 13:30:00,55.6,55.6,55.4,55.6,126549.0
2021-12-20 09:30:00,55.5,55.5,54.9,54.9,382923.0
2021-12-20 13:30:00,54.9,55.0,54.5,54.6,49991.0
2021-12-21 09:30:00,54.5,55.0,53.5,54.8,275220.0
2021-12-21 13:30:00,54.8,54.8,54.0,54.8,51617.0
2021-12-22 09:30:00,54.0,55.6,54.0,55.0,148228.0
2021-12-22 13:30:00,55.0,55.5,55.0,55.1,120395.0
2021-12-23 09:30:00,55.5,59.9,55.0,57.9,1066061.0
2021-12-23 13:30:00,57.8,58.0,57.1,58.0,226018.0
2021-12-24 09:30:00,58.0,58.9,57.5,57.6,202199.0
2021-12-27 09:30:00,58.0,58.0,56.6,56.7,134900.0
2021-12-27 13:30:00,56.7,57.0,56.0,56.9,165453.0
2021-12-28 09:30:00,56.8,56.9,56.0,56.9,48990.0
2021-12-28 13:30:00,56.8,56.8,56.0,56.1,183504.0
2021-12-29 09:30:00,56.9,57.4,56.0,56.6,139931.0
2021-12-29 13:30:00,56.7,56.8,56.3,56.3,49202.0
2021-12-30 09:30:00,57.0,57.0,55.8,55.9,136973.0
2021-12-30 13:30:00,56.0,56.2,55.9,56.0,131161.0
2021-12-31 09:30:00,55.1,57.0,55.1,56.5,137178.0
2021-12-31 13:30:00,56.5,56.8,55.8,55.8,91084.0
2022-01-03 09:30:00,56.5,57.1,56.0,57.1,991087.0
2022-01-03 13:30:00,57.1,58.6,56.9,58.5,623905.0
2022-01-04 09:30:00,58.7,58.9,57.5,57.8,188922.0
2022-01-04 13:30:00,57.9,57.9,57.2,57.3,246947.0
2022-01-05 09:30:00,58.0,58.1,57.4,57.7,419917.0
2022-01-05 13:30:00,57.7,57.9,57.5,57.6,44303.0
2022-01-06 09:30:00,57.8,57.9,57.4,57.4,252089.0
2022-01-06 13:30:00,57.6,58.0,57.3,58.0,197509.0
2022-01-07 09:30:00,58.0,64.7,58.0,64.0,4265787.0
2022-01-07 13:30:00,64.0,66.7,63.7,66.2,1702916.0
2022-01-10 09:30:00,67.0,68.0,63.0,66.4,1842475.0
2022-01-10 13:30:00,66.3,66.4,63.1,64.0,887319.0
2022-01-11 09:30:00,63.5,64.5,62.0,63.4,760047.0
2022-01-11 13:30:00,63.2,63.5,62.9,63.2,240590.0
2022-01-12 09:30:00,62.8,63.9,61.7,61.7,478411.0
2022-01-12 13:30:00,62.0,63.0,61.8,63.0,148994.0
2022-01-13 09:30:00,62.0,62.5,60.0,61.8,352170.0
2022-01-13 13:30:00,61.7,62.1,61.0,61.5,166340.0
2022-01-18 09:30:00,61.5,63.0,61.4,62.5,302936.0
2022-01-18 13:30:00,62.5,62.5,62.1,62.4,40027.0
2022-01-19 09:30:00,63.0,65.2,62.1,64.6,607178.0
2022-01-19 13:30:00,64.6,64.7,63.0,64.0,140463.0
2022-01-20 09:30:00,64.0,64.2,63.5,63.6,394460.0
2022-01-20 13:30:00,63.6,64.0,63.6,63.7,68425.0
2022-01-21 09:30:00,63.9,63.9,62.9,63.1,147084.0
2022-01-21 13:30:00,63.1,63.4,62.9,62.9,103871.0
2022-01-24 09:30:00,62.9,62.9,61.0,61.1,198799.0
2022-01-24 13:30:00,62.2,62.7,62.0,62.0,60029.0
2022-01-25 09:30:00,62.0,62.0,60.9,60.9,300762.0
2022-01-25 13:30:00,60.8,60.9,60.4,60.9,68024.0
2022-01-26 09:30:00,60.1,61.0,60.0,60.4,189381.0
2022-01-26 13:30:00,60.1,61.0,60.1,60.4,34573.0
2022-01-27 09:30:00,62.0,62.1,58.8,62.1,271935.0
2022-01-27 13:30:00,62.1,62.5,59.0,60.0,137361.0
2022-01-28 09:30:00,60.0,60.0,58.0,59.7,570002.0
2022-01-28 13:30:00,59.8,61.0,59.8,61.0,170263.0
2022-01-31 09:30:00,59.8,61.8,59.3,61.5,145337.0
2022-01-31 13:30:00,61.6,61.8,61.4,61.4,110737.0
2022-02-01 09:30:00,61.5,61.5,60.0,60.0,335425.0
2022-02-01 13:30:00,60.3,60.4,60.0,60.0,88331.0
2022-02-02 09:30:00,60.0,60.0,58.0,59.3,5383548.0
2022-02-02 13:30:00,59.3,59.3,57.5,57.9,347621.0
2022-02-03 09:30:00,58.0,59.0,56.7,57.3,227907.0
2022-02-03 13:30:00,57.4,58.9,57.1,58.9,32153.0
2022-02-07 09:30:00,59.9,59.9,58.5,58.6,386083.0
2022-02-07 13:30:00,58.6,58.7,58.5,58.5,117468.0
2022-02-08 09:30:00,58.3,58.3,57.0,57.6,414958.0
2022-02-08 13:30:00,57.6,57.6,57.0,57.6,188483.0
2022-02-09 09:30:00,57.0,58.0,55.0,55.1,187265.0
2022-02-09 13:30:00,55.1,56.0,55.0,55.3,833515.0
2022-02-10 09:30:00,55.0,56.5,54.0,56.0,136620.0
2022-02-10 13:30:00,56.0,56.6,55.6,56.6,11145.0
2022-02-11 09:30:00,57.0,57.5,56.4,56.4,42610.0
2022-02-11 13:30:00,57.0,57.2,56.8,57.0,98635.0
2022-02-14 09:30:00,58.0,58.2,56.3,58.0,71218.0
2022-02-14 13:30:00,58.0,58.3,57.8,57.8,193650.0
2022-02-15 09:30:00,58.9,60.0,57.7,57.7,336625.0
2022-02-15 13:30:00,58.0,58.0,57.5,57.9,41656.0
2022-02-17 09:30:00,58.0,58.0,56.5,56.9,125381.0
2022-02-17 13:30:00,56.9,57.0,56.3,56.3,18257.0
2022-02-18 09:30:00,57.0,57.0,56.2,56.3,53131.0
2022-02-18 13:30:00,56.2,56.3,55.0,55.5,98164.0
2022-02-21 09:30:00,55.0,55.4,53.0,53.0,725294.0
2022-02-21 13:30:00,53.1,53.5,52.9,53.0,244639.0
2022-02-22 09:30:00,54.0,55.0,53.0,54.0,269537.0
2022-02-22 13:30:00,54.0,54.0,53.5,53.5,6635.0
2022-02-23 09:30:00,55.0,55.0,50.0,52.0,447943.0
2022-02-23 13:30:00,52.0,53.5,50.7,52.0,155238.0
2022-02-24 09:30:00,51.3,53.9,49.0,49.0,422125.0
2022-02-24 13:30:00,49.1,50.0,48.9,49.8,80196.0
2022-02-25 09:30:00,48.6,52.0,48.6,51.9,126457.0
2022-02-25 13:30:00,51.9,51.9,50.0,51.9,73027.0
2022-02-28 09:30:00,52.0,55.0,50.6,53.5,114279.0
2022-02-28 13:30:00,53.1,54.9,53.0,53.4,32618.0
2022-03-02 09:30:00,52.0,53.4,51.5,52.0,85381.0
2022-03-02 13:30:00,52.0,52.0,51.5,51.9,11140.0
2022-03-03 09:30:00,52.0,52.0,50.0,50.0,25663.0
2022-03-03 13:30:00,51.0,51.0,50.0,50.0,18625.0
2022-03-04 09:30:00,50.0,51.4,49.6,51.0,15020.0
2022-03-04 13:30:00,51.0,51.0,50.5,51.0,12526.0
2022-03-07 09:30:00,50.2,50.2,49.2,49.2,77231.0
2022-03-07 13:30:00,49.2,49.7,49.0,49.7,54353.0
2022-03-08 09:30:00,50.5,50.5,47.5,48.0,1091410.0
2022-03-08 13:30:00,47.5,48.0,47.0,47.0,1004350.0
2022-03-09 09:30:00,49.0,49.0,43.0,46.6,133214.0
2022-03-09 13:30:00,46.3,46.3,43.5,45.9,70093.0
2022-03-10 09:30:00,45.8,48.9,45.8,48.8,78236.0
2022-03-10 13:30:00,48.8,49.0,48.5,49.0,14781.0
2022-03-11 09:30:00,49.3,50.0,47.0,48.5,64481.0
2022-03-11 13:30:00,48.5,48.5,47.0,47.0,31973.0
2022-03-14 09:30:00,47.0,48.5,46.8,47.5,46546.0
2022-03-14 13:30:00,46.9,47.2,46.8,47.0,85267.0
2022-03-15 09:30:00,46.6,49.5,45.0,46.5,45852.0
2022-03-15 13:30:00,46.0,46.5,46.0,46.5,3569.0
2022-03-16 09:30:00,49.4,49.4,45.2,47.5,151717.0
2022-03-16 13:30:00,47.5,47.5,46.7,47.2,59835.0
2022-03-18 09:30:00,47.4,49.9,47.4,48.0,98739.0
2022-03-18 13:30:00,48.0,48.8,48.0,48.0,93938.0
2022-03-21 09:30:00,49.3,49.3,47.9,49.0,46476.0
2022-03-21 13:30:00,49.0,49.0,48.1,49.0,17168.0
2022-03-22 09:30:00,48.6,49.5,48.6,48.8,437138.0
2022-03-22 13:30:00,48.7,48.8,48.0,48.5,88284.0
2022-03-23 09:30:00,48.5,49.0,48.0,48.0,78315.0
2022-03-23 13:30:00,48.1,48.5,47.9,48.0,182078.0
2022-03-24 09:30:00,49.0,49.0,48.0,48.0,116669.0
2022-03-24 13:30:00,48.5,48.5,48.1,48.5,19111.0
2022-03-25 09:30:00,49.0,49.0,48.0,48.2,143478.0
2022-03-25 13:30:00,48.2,48.6,47.8,47.9,440591.0
2022-03-28 09:30:00,47.0,47.0,45.0,45.4,61398.0
2022-03-28 13:30:00,45.4,45.9,44.0,45.0,221149.0
2022-03-29 09:30:00,45.0,46.0,43.5,44.0,1217205.0
2022-03-29 13:30:00,44.0,44.8,43.8,44.1,65293.0
2022-03-30 09:30:00,44.0,44.0,39.5,42.0,1120676.0
2022-03-30 13:30:00,42.1,43.0,42.0,42.0,774481.0
2022-03-31 09:30:00,42.0,43.0,41.0,41.0,161887.0
2022-04-01 09:30:00,39.0,39.0,39.0,39.0,500833.0
2022-04-04 09:30:00,38.3,42.1,37.0,40.1,123795.0
2022-04-05 09:30:00,40.3,41.9,40.0,41.9,422093.0
2022-04-06 09:30:00,41.3,44.0,39.5,40.0,1090460.0
2022-04-07 09:30:00,38.0,41.4,38.0,38.5,569173.0
2022-04-08 09:30:00,38.1,39.5,37.5,39.0,359039.0
2022-04-25 09:30:00,36.5,36.5,35.5,35.5,10374.0
2022-04-26 09:30:00,33.0,33.0,30.0,32.0,389928.0
2022-04-27 09:30:00,30.0,36.0,29.5,36.0,342334.0
2022-04-28 09:30:00,36.0,38.0,33.5,37.0,435006.0
2022-04-29 09:30:00,38.0,38.0,37.0,37.9,86427.0
2022-05-04 09:30:00,38.0,38.0,35.5,37.0,90551.0
2022-05-05 09:30:00,37.9,37.9,37.0,37.0,415137.0
2022-05-06 09:30:00,37.1,37.1,36.0,37.0,193907.0
2022-05-09 09:30:00,37.0,39.0,36.5,38.5,598931.0
2022-05-12 09:30:00,37.5,39.4,37.5,39.4,96682.0
2022-05-13 09:30:00,39.5,41.5,39.5,41.0,639155.0
2022-05-17 09:30:00,42.0,43.5,41.2,42.4,368361.0
2022-05-18 09:30:00,43.0,44.0,41.0,42.0,764046.0
2022-05-19 09:30:00,42.1,42.1,40.0,40.0,567404.0
2022-05-20 09:30:00,40.0,42.0,40.0,41.5,140847.0
2022-05-23 09:30:00,41.0,42.4,40.0,41.5,290317.0
2022-05-24 09:30:00,41.3,41.9,40.0,40.3,452017.0
2022-05-25 09:30:00,40.0,41.9,40.0,41.5,112856.0
2022-05-26 09:30:00,41.0,41.5,40.1,40.5,66764.0
2022-05-27 09:30:00,42.0,42.0,40.7,41.0,12610.0
2022-05-30 09:30:00,41.0,44.4,41.0,44.2,2294558.0
2022-05-31 09:30:00,45.0,45.0,42.5,44.0,648019.0
2022-06-01 09:30:00,44.0,44.0,43.0,44.0,655437.0
2022-06-02 09:30:00,44.0,44.1,42.5,43.0,1163064.0
2022-06-03 09:30:00,43.7,44.0,42.1,43.0,145464.0
2022-06-06 09:30:00,42.0,43.0,41.6,42.5,123090.0
2022-06-07 09:30:00,41.1,41.1,39.5,40.5,758829.0
2022-06-08 09:30:00,40.5,41.9,40.5,41.5,184875.0
2022-06-09 09:30:00,40.4,41.6,40.4,41.6,12820.0
2022-06-10 09:30:00,41.6,41.6,40.0,40.5,54464.0
2022-06-13 09:30:00,41.3,42.0,41.3,42.0,9273.0
2022-06-15 09:30:00,41.5,41.5,40.0,40.5,938861.0
2022-06-16 09:30:00,42.0,42.0,40.0,41.0,18679.0
2022-06-17 09:30:00,41.0,41.0,39.5,39.5,43614.0
2022-06-20 09:30:00,39.2,39.5,39.0,39.5,104617.0
2022-06-21 09:30:00,39.4,40.0,39.4,40.0,686.0
2022-06-22 09:30:00,40.0,40.0,39.5,39.8,5604.0
2022-06-23 09:30:00,40.0,40.0,38.0,40.0,53587.0
2022-06-24 09:30:00,38.5,40.0,38.5,40.0,92106.0
2022-06-27 09:30:00,38.1,40.0,37.9,37.9,28585.0
2022-06-28 09:30:00,37.1,37.3,36.0,36.9,185182.0
2022-06-29 09:30:00,36.5,38.0,36.5,38.0,533.0
2022-06-30 09:30:00,38.0,38.0,35.1,37.0,54203.0
2022-07-01 09:30:00,38.0,38.0,37.0,37.9,14095.0
2022-07-04 09:30:00,38.0,38.0,37.0,38.0,66892.0
2022-07-05 09:30:00,38.0,38.5,37.0,37.0,20726.0
2022-07-06 09:30:00,37.0,38.0,36.0,37.9,44918.0
2022-07-07 09:30:00,36.7,37.9,36.0,36.3,7807.0
2022-07-08 09:30:00,37.0,37.0,35.0,36.0,49460.0
2022-07-11 09:30:00,35.7,37.8,35.5,37.0,42389.0
2022-07-12 09:30:00,37.8,37.9,36.1,36.4,108098.0
2022-07-14 09:30:00,36.0,37.5,36.0,37.4,19195.0
2022-07-15 09:30:00,37.9,38.4,37.4,37.6,10499.0
2022-07-18 09:30:00,38.3,38.4,38.0,38.4,10832.0
2022-07-19 09:30:00,38.1,39.7,38.0,39.7,52695.0
2022-07-20 09:30:00,39.9,41.0,39.5,39.5,460309.0
2022-07-21 09:30:00,41.0,41.0,39.7,40.9,39150.0
2022-07-22 09:30:00,40.2,40.2,39.9,40.0,11500.0
2022-07-25 09:30:00,41.1,41.1,40.0,40.0,339059.0
2022-07-26 09:30:00,41.1,41.4,39.9,41.0,749877.0
2022-07-27 09:30:00,40.9,40.9,40.0,40.9,165333.0
2022-07-28 09:30:00,40.0,40.3,39.9,40.0,130834.0
2022-07-29 09:30:00,40.5,40.5,39.8,40.1,89302.0
2022-08-01 09:30:00,40.9,40.9,40.1,40.5,15354.0
2022-08-02 09:30:00,40.9,41.9,40.7,40.8,336881.0
2022-08-03 09:30:00,41.0,42.9,40.9,42.3,766461.0
2022-08-04 09:30:00,42.4,43.0,41.0,42.4,2228168.0
2022-08-05 09:30:00,43.0,46.5,42.5,44.0,3137497.0
2022-08-08 09:30:00,44.1,47.5,44.1,46.0,2421486.0
2022-08-09 09:30:00,47.0,48.1,46.5,46.9,966225.0
2022-08-10 09:30:00,47.0,51.0,46.3,50.6,4768091.0
2022-08-12 09:30:00,53.9,55.5,52.1,54.0,4442755.0
2022-08-15 09:30:00,58.0,58.9,54.8,56.0,4224506.0
2022-08-16 09:30:00,58.0,58.5,53.0,53.3,1207033.0
2022-08-17 09:30:00,54.0,54.9,51.5,52.0,572764.0
2022-08-18 09:30:00,53.3,54.0,51.3,52.0,951172.0
2022-08-19 09:30:00,52.0,52.1,50.9,51.5,250001.0
2022-08-22 09:30:00,51.0,52.5,48.0,49.5,155367.0
2022-08-23 09:30:00,50.0,51.0,49.2,49.9,561988.0
2022-08-24 09:30:00,49.9,50.0,49.0,49.2,136938.0
2022-08-25 09:30:00,49.2,49.9,47.5,48.0,412562.0
2022-08-26 09:30:00,48.0,49.9,45.9,48.0,971943.0
2022-08-29 09:30:00,47.5,48.0,46.0,47.3,64325.0
2022-08-30 09:30:00,48.0,48.9,48.0,48.5,608067.0
2022-08-31 09:30:00,50.0,54.2,49.9,54.1,639503.0
2022-09-01 09:30:00,55.0,58.4,54.4,57.0,4418628.0
2022-09-02 09:30:00,58.0,58.5,56.7,57.2,2849715.0
2022-09-05 09:30:00,57.1,57.4,56.3,56.5,1049328.0
2022-09-06 09:30:00,56.5,56.9,54.1,56.0,283252.0
2022-09-07 09:30:00,55.0,56.5,54.5,55.3,313542.0
2022-09-08 09:30:00,55.1,57.5,55.1,57.0,2851063.0
2022-09-09 09:30:00,58.0,60.8,58.0,58.0,2798989.0
2022-09-12 09:30:00,59.5,60.5,58.8,59.7,1232633.0
2022-09-13 09:30:00,59.5,59.7,58.0,58.9,848704.0
2022-09-14 09:30:00,58.6,58.9,56.9,56.9,454215.0
2022-09-15 09:30:00,57.7,58.6,57.7,58.0,1633386.0
2022-09-16 09:30:00,58.0,58.4,57.3,57.9,260937.0
2022-09-19 09:30:00,57.3,58.0,56.8,56.9,653542.0
2022-09-20 09:30:00,57.0,57.2,56.0,56.0,248608.0
2022-09-21 09:30:00,55.7,56.0,55.1,56.0,725514.0
2022-09-22 09:30:00,56.0,56.0,54.5,54.8,840153.0
2022-09-23 09:30:00,54.8,54.8,53.9,54.0,124884.0
2022-09-26 09:30:00,54.0,54.0,52.8,53.5,128403.0
2022-09-27 09:30:00,53.0,54.0,52.6,54.0,282854.0
2022-09-28 09:30:00,55.0,55.0,53.0,54.0,665493.0
2022-09-29 09:30:00,54.4,56.0,54.0,54.8,563406.0
2022-09-30 09:30:00,55.5,55.5,54.3,54.7,744277.0
2022-10-03 09:30:00,55.0,55.0,47.0,52.0,400648.0
2022-10-04 09:30:00,52.0,53.0,49.1,51.5,610397.0
2022-10-05 09:30:00,52.0,53.0,50.0,50.7,408939.0
2022-10-06 09:30:00,51.5,52.0,50.0,50.0,310510.0
2022-10-07 09:30:00,51.4,51.4,49.5,50.2,238279.0
2022-10-11 09:30:00,50.0,50.0,47.0,47.4,620081.0
2022-10-12 09:30:00,47.4,48.5,43.0,47.5,234621.0
2022-10-13 09:30:00,47.5,50.0,46.9,49.5,469458.0
2022-10-14 09:30:00,49.6,52.0,48.1,48.1,721509.0
2022-10-17 09:30:00,49.5,49.5,47.5,47.5,95043.0
2022-10-18 09:30:00,48.0,48.0,46.6,47.2,61524.0
2022-10-19 09:30:00,48.0,48.0,46.8,47.4,42562.0
2022-10-20 09:30:00,47.0,47.1,46.2,46.2,15748.0
2022-10-21 09:30:00,46.2,46.5,45.0,45.8,73888.0
2022-10-25 09:30:00,45.8,46.0,44.5,45.0,976988.0
2022-10-26 09:30:00,45.0,46.0,44.0,46.0,111553.0
2022-10-27 09:30:00,45.9,47.0,45.0,46.5,115225.0
2022-10-28 09:30:00,46.6,47.0,45.6,46.0,101313.0
2022-10-31 09:30:00,46.2,46.5,45.7,46.2,95438.0
2022-11-01 09:30:00,45.7,45.9,44.8,45.0,1053058.0
2022-11-02 09:30:00,45.0,45.0,43.9,44.0,545662.0
2022-11-03 09:30:00,44.0,46.5,44.0,46.1,491261.0
2022-11-04 09:30:00,45.9,47.0,44.9,46.0,331801.0
2022-11-08 09:30:00,47.0,47.0,44.1,45.0,124701.0
2022-11-09 09:30:00,45.0,45.5,44.5,45.4,37608.0
2022-11-10 09:30:00,45.4,46.3,45.2,46.3,48145.0
2022-11-11 09:30:00,46.8,47.3,45.6,46.5,39472.0
2022-11-14 09:30:00,46.5,47.2,45.6,46.0,489482.0
2022-11-15 09:30:00,47.3,47.5,44.5,45.0,148630.0
2022-11-16 09:30:00,44.5,45.1,43.5,44.2,531142.0
2022-11-17 09:30:00,45.4,45.4,43.5,44.0,202219.0
2022-11-18 09:30:00,43.5,44.5,42.0,42.3,381183.0
2022-11-21 09:30:00,42.3,43.3,40.0,42.0,116941.0
2022-11-22 09:30:00,42.1,44.7,42.1,44.5,143359.0
2022-11-23 09:30:00,44.7,45.9,44.5,45.7,120119.0
2022-11-24 09:30:00,45.1,45.1,43.0,43.0,208426.0
2022-11-25 09:30:00,43.9,43.9,43.0,43.5,28274.0
2022-11-28 09:30:00,44.0,46.7,44.0,46.0,74878.0
2022-11-29 09:30:00,46.0,48.4,46.0,48.4,1142843.0
2022-11-30 09:30:00,47.7,48.9,46.0,48.5,103851.0
2022-12-01 09:30:00,48.0,49.0,48.0,48.5,373398.0
2022-12-02 09:30:00,48.4,49.1,46.1,48.0,84344.0
2022-12-05 09:30:00,47.4,48.3,47.0,47.5,119122.0
2022-12-06 09:30:00,48.0,48.0,46.1,47.5,84322.0
2022-12-08 09:30:00,47.5,47.9,46.8,47.0,206486.0
2022-12-09 09:30:00,46.7,47.0,46.0,46.0,97182.0
2022-12-12 09:30:00,46.2,48.0,46.2,46.8,57057.0
2022-12-13 09:30:00,46.3,46.5,46.0,46.0,446839.0
2022-12-14 09:30:00,46.1,47.4,45.9,46.0,255567.0
2022-12-15 09:30:00,46.2,48.0,46.2,46.5,137001.0
2022-12-16 09:30:00,47.5,48.1,46.2,47.0,80018.0
2022-12-19 09:30:00,47.5,47.5,45.4,45.6,37040.0
2022-12-20 09:30:00,45.3,46.9,45.0,45.0,517892.0
2022-12-21 09:30:00,45.0,45.9,44.6,45.0,296338.0
2022-12-22 09:30:00,45.1,46.0,45.0,45.0,11748.0
2022-12-23 09:30:00,45.1,46.7,44.5,45.8,84866.0
2022-12-27 09:30:00,46.7,48.0,45.7,45.7,68193.0
2022-12-28 09:30:00,46.6,48.0,46.0,46.0,48077.0
2022-12-29 09:30:00,46.5,46.5,45.5,45.5,78530.0
2022-12-30 09:30:00,46.0,48.0,45.5,47.5,141836.0
2023-01-02 09:30:00,47.4,47.4,46.0,46.0,42273.0
2023-01-03 09:30:00,46.5,49.3,45.7,48.5,562881.0
2023-01-04 09:30:00,48.5,48.5,46.0,46.8,97285.0
2023-01-05 09:30:00,46.5,48.0,46.1,48.0,54092.0
2023-01-09 09:30:00,47.8,48.0,46.1,46.6,876956.0
2023-01-10 09:30:00,47.1,47.1,46.0,46.0,155729.0
2023-01-11 09:30:00,46.0,47.0,45.5,47.0,359131.0
2023-01-12 09:30:00,47.0,47.0,45.5,45.6,239490.0
2023-01-13 09:30:00,45.6,47.0,45.6,46.4,598477.0
2023-01-17 09:30:00,46.4,47.5,46.1,46.4,107494.0
2023-01-18 09:30:00,46.1,46.5,45.5,46.5,189939.0
2023-01-19 09:30:00,46.2,48.5,46.1,48.5,379150.0
2023-01-20 09:30:00,48.5,48.5,47.5,48.0,624072.0
2023-01-23 09:30:00,48.1,49.0,48.0,48.5,169941.0
2023-01-24 09:30:00,48.9,50.0,48.5,48.5,96217.0
2023-01-25 09:30:00,48.5,52.0,48.5,51.0,842070.0
2023-01-26 09:30:00,50.1,51.8,50.1,51.5,566653.0
2023-01-27 09:30:00,51.4,52.2,51.0,52.0,614627.0
2023-01-30 09:30:00,50.7,53.2,50.6,52.6,326417.0
2023-01-31 09:30:00,53.2,53.5,52.0,53.0,717486.0
2023-02-01 09:30:00,53.5,53.5,52.5,53.0,305067.0
2023-02-02 09:30:00,53.0,53.7,53.0,53.5,838764.0
2023-02-03 09:30:00,53.5,54.7,53.5,53.8,585288.0
2023-02-06 09:30:00,53.5,55.0,53.2,55.0,1067403.0
2023-02-07 09:30:00,55.0,55.2,53.2,53.5,301888.0
2023-02-08 09:30:00,53.2,53.2,51.1,51.9,220829.0
2023-02-09 09:30:00,52.0,52.9,52.0,52.5,148264.0
2023-02-10 09:30:00,51.1,53.2,50.5,53.0,217143.0
2023-02-13 09:30:00,52.1,52.9,51.0,51.2,1153159.0
2023-02-14 09:30:00,51.1,51.5,51.1,51.2,452698.0
2023-02-15 09:30:00,51.3,52.5,51.2,51.5,148931.0
2023-02-16 09:30:00,52.9,56.0,52.9,55.1,1056424.0
2023-02-17 09:30:00,55.7,57.4,55.0,57.4,1707596.0
2023-02-20 09:30:00,57.5,58.6,57.5,58.3,2022916.0
2023-02-21 09:30:00,58.5,61.0,57.4,61.0,2389449.0
2023-02-22 09:30:00,60.9,61.0,58.3,58.7,327316.0
2023-02-23 09:30:00,58.6,59.4,57.5,59.4,388409.0
2023-02-24 09:30:00,58.7,61.3,58.7,60.5,863182.0
2023-02-27 09:30:00,60.5,60.6,58.5,59.0,91767.0
2023-02-28 09:30:00,59.0,59.0,58.0,59.0,764017.0
2023-03-01 09:30:00,58.0,59.5,58.0,59.3,423116.0
2023-03-02 09:30:00,58.5,59.4,58.5,59.0,1172984.0
2023-03-03 09:30:00,58.9,60.5,58.9,60.0,565168.0
2023-03-07 09:30:00,60.0,61.4,59.5,61.0,615096.0
2023-03-08 09:30:00,61.5,61.6,59.5,60.0,390505.0
2023-03-09 09:30:00,59.7,60.1,59.1,59.9,691753.0
2023-03-10 09:30:00,59.9,59.9,57.5,57.7,694540.0
2023-03-13 09:30:00,58.0,58.0,56.0,58.0,836202.0
2023-03-14 09:30:00,58.0,58.0,56.9,57.0,188148.0
2023-03-15 09:30:00,57.2,58.0,57.0,57.0,490992.0
2023-03-16 09:30:00,56.8,57.9,56.6,56.6,75364.0
2023-03-17 09:30:00,57.0,57.5,56.7,57.4,76468.0
2023-03-20 09:30:00,57.0,58.0,57.0,57.0,363040.0
2023-03-21 09:30:00,58.0,58.0,56.5,57.0,205148.0
2023-03-22 09:30:00,57.0,58.0,56.5,57.7,295311.0
2023-03-23 09:30:00,57.0,57.5,56.6,56.6,515243.0
2023-03-24 09:30:00,56.6,59.4,56.6,58.2,1374163.0
2023-03-27 09:30:00,59.0,59.0,56.6,57.6,39501.0
2023-03-28 09:30:00,57.5,57.5,54.2,57.0,113032.0
2023-03-29 09:30:00,56.9,57.0,56.0,56.2,20202.0
2023-03-30 09:30:00,55.1,56.5,54.9,55.8,738956.0
2023-03-31 09:30:00,56.0,56.0,54.8,54.8,338350.0
2023-04-03 09:30:00,54.7,55.0,54.0,54.0,133393.0
2023-04-04 09:30:00,54.5,55.0,54.0,54.0,852586.0
2023-04-06 09:30:00,54.0,55.0,54.0,55.0,145841.0
2023-04-10 09:30:00,55.0,55.1,53.6,54.8,165670.0
2023-04-10 13:30:00,54.8,54.8,54.0,54.8,27440.0
2023-04-11 09:30:00,54.0,54.6,54.0,54.5,166291.0
2023-04-11 13:30:00,54.5,55.0,54.1,54.5,282489.0
2023-04-12 09:30:00,54.5,54.5,54.2,54.3,104012.0
2023-04-12 13:30:00,54.3,54.5,54.3,54.5,2561.0
2023-04-17 09:30:00,54.3,55.0,54.0,54.0,165077.0
2023-04-17 13:30:00,53.9,53.9,53.8,53.8,31305.0
2023-04-18 09:30:00,53.9,54.0,53.0,54.0,163032.0
2023-04-18 13:30:00,54.0,54.0,53.9,53.9,13218.0
2023-04-19 09:30:00,54.5,54.5,53.5,53.5,52072.0
2023-04-19 13:30:00,53.6,53.6,53.3,53.3,3125.0
2023-04-20 09:30:00,53.9,57.0,53.5,55.0,307627.0
2023-04-20 13:30:00,55.8,55.8,54.8,55.0,11252.0
2023-04-21 09:30:00,55.0,55.0,54.1,55.0,271942.0
2023-04-21 13:30:00,55.0,56.9,55.0,56.5,30518.0
2023-04-24 09:30:00,56.5,56.5,54.5,54.5,146430.0
2023-04-24 13:30:00,54.4,55.4,54.4,55.2,12517.0
2023-04-25 09:30:00,55.0,55.2,54.2,55.0,242247.0
2023-04-25 13:30:00,54.7,55.2,54.7,55.2,17981.0
2023-04-26 09:30:00,54.8,55.9,54.2,54.3,352397.0
2023-04-26 13:30:00,54.3,54.3,54.2,54.2,4111.0
2023-04-27 09:30:00,54.2,55.9,53.5,54.5,186947.0
2023-04-27 13:30:00,54.2,54.2,54.1,54.2,1150.0
2023-04-28 09:30:00,54.8,55.0,54.0,54.5,84337.0
2023-04-28 13:30:00,54.0,55.0,54.0,55.0,112304.0
2023-05-02 09:30:00,55.5,55.5,52.5,52.6,42528.0
2023-05-02 13:30:00,52.7,53.0,52.5,53.0,5229.0
2023-05-03 09:30:00,52.2,54.8,52.2,53.7,54179.0
2023-05-03 13:30:00,54.0,54.0,54.0,54.0,5445.0
2023-05-04 09:30:00,54.0,54.4,53.9,54.0,556898.0
2023-05-08 09:30:00,54.5,54.6,54.2,54.3,156420.0
2023-05-08 13:30:00,54.4,54.6,54.2,54.6,35599.0
2023-05-09 09:30:00,54.9,54.9,54.0,54.0,335465.0
2023-05-09 13:30:00,54.0,54.2,54.0,54.0,206473.0
2023-05-10 09:30:00,54.4,54.4,53.6,53.9,76599.0
2023-05-10 13:30:00,53.9,53.9,53.6,53.6,226.0
2023-05-11 09:30:00,53.6,54.1,53.5,53.6,32304.0
2023-05-11 13:30:00,53.6,54.0,53.6,54.0,500220.0
2023-05-12 09:30:00,53.7,54.3,53.5,54.1,385540.0
2023-05-12 13:30:00,54.1,54.5,54.1,54.2,22043.0
2023-05-15 09:30:00,54.5,55.0,54.0,54.0,188703.0
2023-05-16 09:30:00,54.2,54.2,53.6,53.9,411791.0
2023-05-16 13:30:00,53.7,53.9,53.7,53.9,1135.0
2023-05-17 09:30:00,54.0,54.0,53.6,54.0,251367.0
2023-05-17 13:30:00,54.0,54.0,53.8,53.8,537.0
2023-05-18 09:30:00,53.9,54.0,53.5,53.5,460781.0
2023-05-18 13:30:00,53.5,53.5,53.4,53.4,12350.0
2023-05-19 09:30:00,53.8,53.8,52.9,53.0,8222.0
2023-05-19 13:30:00,53.0,53.5,53.0,53.1,501982.0
2023-05-22 09:30:00,54.0,54.0,52.0,52.3,105843.0
2023-05-22 13:30:00,52.3,52.3,52.0,52.0,5229.0
2023-05-23 09:30:00,53.0,54.0,52.0,54.0,53801.0
2023-05-23 13:30:00,53.5,53.9,53.5,53.9,10569.0
2023-05-24 09:30:00,52.5,54.0,52.5,53.6,41130.0
2023-05-24 13:30:00,53.6,53.9,53.6,53.9,2445.0
2023-05-25 09:30:00,53.4,53.5,52.5,53.5,28223.0
2023-05-25 13:30:00,53.4,53.9,53.0,53.0,5848.0
2023-05-26 09:30:00,53.1,53.8,53.0,53.0,16254.0
2023-05-26 13:30:00,53.8,53.8,52.6,53.0,1905.0
2023-05-29 09:30:00,53.6,53.8,52.5,52.6,12600.0
2023-05-29 13:30:00,52.8,52.8,52.7,52.7,1535.0
2023-05-30 09:30:00,53.0,53.0,52.5,53.0,967740.0
2023-05-30 13:30:00,52.5,53.0,52.5,53.0,125165.0
2023-05-31 09:30:00,54.0,54.0,52.5,53.9,285802.0
2023-05-31 13:30:00,53.9,53.9,53.0,53.0,104007.0
2023-06-01 09:30:00,53.9,54.4,52.5,53.0,112712.0
2023-06-01 13:30:00,53.0,54.0,52.6,54.0,18898.0
2023-06-02 09:30:00,53.2,54.8,53.2,54.0,83787.0
2023-06-02 13:30:00,54.0,54.0,54.0,54.0,32490.0
2023-06-05 09:30:00,54.5,55.0,53.2,54.6,294708.0
2023-06-05 13:30:00,54.5,54.5,54.5,54.5,1.0
2023-06-06 09:30:00,54.3,55.0,54.0,55.0,150560.0
2023-06-06 13:30:00,55.0,55.0,54.0,55.0,88568.0
2023-06-07 09:30:00,55.0,55.0,53.9,53.9,48265.0
2023-06-07 13:30:00,54.5,54.9,54.5,54.9,2020.0
2023-06-08 09:30:00,55.1,55.1,54.5,54.5,44366.0
2023-06-08 13:30:00,55.0,55.0,54.0,54.0,75199.0
2023-06-09 09:30:00,55.0,55.6,54.5,54.9,160065.0
2023-06-09 13:30:00,54.9,55.0,54.9,55.0,40695.0
2023-06-12 09:30:00,55.2,55.2,54.0,55.0,96713.0
2023-06-12 13:30:00,54.9,55.0,54.9,55.0,82217.0
2023-06-13 09:30:00,55.0,55.0,54.5,54.5,208736.0
2023-06-13 13:30:00,54.9,55.0,54.9,55.0,72306.0
2023-06-14 09:30:00,55.0,56.0,54.5,56.0,590843.0
2023-06-14 13:30:00,55.9,56.8,55.9,56.5,85887.0
2023-06-15 09:30:00,55.3,57.5,55.0,56.7,336086.0
2023-06-15 13:30:00,56.9,56.9,56.0,56.0,22307.0
2023-06-16 09:30:00,56.9,57.2,56.0,56.9,163339.0
2023-06-16 13:30:00,56.8,56.8,56.3,56.5,56119.0
2023-06-19 09:30:00,57.5,57.5,57.0,57.0,111217.0
2023-06-19 13:30:00,57.1,57.1,56.9,57.1,22629.0
2023-06-20 09:30:00,57.2,57.5,56.8,57.4,205006.0
2023-06-20 13:30:00,57.3,57.3,57.1,57.1,50300.0
2023-06-21 09:30:00,57.1,60.2,57.1,59.9,1806686.0
2023-06-21 13:30:00,59.7,60.0,59.5,59.9,36326.0
2023-06-22 09:30:00,59.7,60.2,59.0,59.0,202099.0
2023-06-22 13:30:00,59.0,59.5,59.0,59.5,76324.0
2023-06-23 09:30:00,59.6,59.6,58.8,59.0,295556.0
2023-06-23 13:30:00,59.0,59.0,58.6,58.7,220279.0
2023-06-26 09:30:00,60.0,60.0,58.0,59.7,867700.0
2023-06-26 13:30:00,59.9,60.0,59.0,59.0,274450.0
2023-06-27 09:30:00,59.0,59.0,57.5,57.5,172809.0
2023-06-27 13:30:00,57.5,57.5,56.9,56.9,38238.0
2023-06-28 09:30:00,57.0,58.7,56.8,58.4,248240.0
2023-06-28 13:30:00,58.4,58.6,58.4,58.6,11406.0
2023-07-04 09:30:00,61.0,63.0,60.0,62.5,1857047.0
2023-07-04 13:30:00,62.5,64.5,62.0,64.5,355982.0
2023-07-05 09:30:00,63.0,65.4,63.0,64.3,923735.0
2023-07-05 13:30:00,64.3,64.5,63.2,64.0,312397.0
2023-07-06 09:30:00,64.0,65.1,63.9,65.0,720316.0
2023-07-06 13:30:00,65.1,65.3,65.0,65.3,14265.0
2023-07-07 09:30:00,65.0,69.0,65.0,69.0,1400713.0
2023-07-07 13:30:00,69.0,69.8,68.6,69.5,612587.0
2023-07-10 09:30:00,70.0,70.5,68.0,69.9,2348115.0
2023-07-10 13:30:00,69.9,69.9,69.6,69.9,45501.0
2023-07-11 09:30:00,69.9,69.9,67.5,69.0,833063.0
2023-07-11 13:30:00,69.0,69.6,69.0,69.6,48036.0
2023-07-12 09:30:00,69.7,71.7,69.0,71.0,707614.0
2023-07-12 13:30:00,71.0,71.0,70.0,70.0,165972.0
2023-07-13 09:30:00,70.9,71.0,70.0,70.5,189470.0
2023-07-13 13:30:00,70.1,70.5,70.0,70.0,151907.0
2023-07-14 09:30:00,70.5,70.5,68.8,69.5,420889.0
2023-07-14 13:30:00,69.6,70.1,69.5,70.0,367162.0
2023-07-17 09:30:00,70.5,70.8,69.2,69.7,321862.0
2023-07-17 13:30:00,70.0,70.1,69.6,70.0,36790.0
2023-07-18 09:30:00,70.0,71.1,69.5,70.5,927409.0
2023-07-18 13:30:00,70.5,71.0,70.3,71.0,74539.0
2023-07-19 09:30:00,71.0,72.3,70.5,72.2,468149.0
2023-07-19 13:30:00,72.0,72.5,72.0,72.5,88370.0
2023-07-20 09:30:00,72.5,76.0,72.5,75.0,1523187.0
2023-07-20 13:30:00,75.2,75.3,74.8,75.0,85226.0
2023-07-21 09:30:00,75.0,76.5,74.0,76.0,156493.0
2023-07-21 13:30:00,75.6,76.2,75.6,76.0,108619.0
2023-07-24 09:30:00,75.5,77.0,75.5,76.0,845274.0
2023-07-24 13:30:00,76.0,76.4,76.0,76.0,216641.0
2023-07-25 09:30:00,75.8,75.8,72.3,74.5,244966.0
2023-07-25 13:30:00,74.9,75.0,74.5,74.6,160215.0
2023-07-26 09:30:00,74.7,74.8,74.0,74.0,91132.0
2023-07-26 13:30:00,74.0,74.0,73.0,73.0,36387.0
2023-07-27 09:30:00,73.0,75.5,72.4,75.5,266056.0
2023-07-27 13:30:00,75.9,78.4,75.9,77.1,409461.0
2023-07-28 09:30:00,78.0,80.0,78.0,78.0,455289.0
2023-07-28 13:30:00,77.9,78.2,77.7,78.0,6103.0
2023-07-31 09:30:00,77.7,77.7,75.6,77.0,147445.0
2023-07-31 13:30:00,77.0,78.2,77.0,78.1,169186.0
2023-08-02 09:30:00,78.1,78.8,77.0,78.6,262079.0
2023-08-02 13:30:00,78.6,78.7,78.5,78.6,83647.0
2023-08-03 09:30:00,78.5,81.4,78.5,81.4,866388.0
2023-08-03 13:30:00,81.1,82.0,81.1,82.0,195332.0
2023-08-04 09:30:00,81.9,84.0,81.0,82.2,365589.0
2023-08-04 13:30:00,82.1,82.5,81.5,82.0,68948.0
2023-08-07 09:30:00,82.0,86.5,82.0,84.9,322713.0
2023-08-07 13:30:00,84.9,85.5,84.5,84.5,52642.0
2023-08-08 09:30:00,84.8,85.0,82.5,84.2,216294.0
2023-08-08 13:30:00,84.2,84.3,84.1,84.3,21043.0
2023-08-09 09:30:00,83.6,86.5,83.6,86.0,519503.0
2023-08-09 13:30:00,86.0,86.8,86.0,86.0,62177.0
2023-08-10 09:30:00,86.0,87.0,86.0,87.0,199373.0
2023-08-10 13:30:00,86.5,86.8,86.4,86.4,31860.0
2023-08-11 09:30:00,86.4,86.4,85.0,85.0,378747.0
2023-08-11 13:30:00,85.0,86.5,85.0,86.0,540246.0
2023-08-14 09:30:00,86.0,86.6,85.0,85.1,974895.0
2023-08-14 13:30:00,85.0,85.9,85.0,85.5,109744.0
2023-08-15 09:30:00,84.4,85.0,81.1,83.0,161359.0
2023-08-15 13:30:00,83.0,83.2,81.2,83.2,116068.0
2023-08-16 09:30:00,81.1,82.0,78.1,82.0,534032.0
2023-08-16 13:30:00,81.9,82.5,81.8,82.0,88635.0
2023-08-17 09:30:00,82.6,82.8,79.1,79.5,274181.0
2023-08-17 13:30:00,79.9,80.1,79.5,80.0,40674.0
2023-08-18 09:30:00,79.0,80.9,79.0,80.0,128720.0
2023-08-18 13:30:00,80.0,80.2,80.0,80.1,8405.0
2023-08-21 09:30:00,80.5,81.0,78.0,78.0,209428.0
2023-08-21 13:30:00,77.5,80.0,77.5,80.0,56668.0
2023-08-22 09:30:00,80.0,81.0,78.0,78.0,747273.0
2023-08-22 13:30:00,79.0,79.0,79.0,79.0,11633.0
2023-08-23 09:30:00,78.1,80.0,76.6,78.0,507336.0
2023-08-23 13:30:00,78.2,80.0,78.2,80.0,46507.0
2023-08-24 09:30:00,78.1,80.0,78.0,79.0,543293.0
2023-08-24 13:30:00,79.0,79.0,78.2,78.3,33290.0
2023-08-25 09:30:00,78.2,80.9,78.2,80.0,138777.0
2023-08-25 13:30:00,80.0,80.9,80.0,80.9,541.0
2023-08-28 09:30:00,80.0,80.9,78.8,79.9,256846.0
2023-08-28 13:30:00,79.6,80.0,79.6,79.6,24292.0
2023-08-29 09:30:00,80.9,80.9,79.7,80.0,4149.0
2023-08-29 13:30:00,80.0,80.3,79.7,79.7,12542.0
2023-08-31 09:30:00,80.0,80.0,78.0,78.5,179024.0
2023-08-31 13:30:00,78.5,79.3,78.2,79.0,65859.0
2023-09-01 09:30:00,79.8,79.8,78.3,78.6,3099.0
2023-09-01 13:30:00,78.5,79.9,78.5,78.5,49990.0
2023-09-04 09:30:00,80.0,81.0,78.5,80.0,342080.0
2023-09-04 13:30:00,80.5,81.0,80.0,80.0,2350.0
2023-09-05 09:30:00,80.3,81.9,80.0,80.1,494520.0
2023-09-05 13:30:00,80.2,80.2,80.0,80.0,446012.0
2023-09-06 09:30:00,81.0,81.0,80.0,80.5,287794.0
2023-09-06 13:30:00,80.9,81.0,80.0,80.1,45626.0
2023-09-07 09:30:00,80.4,81.0,80.0,81.0,321267.0
2023-09-07 13:30:00,81.0,81.0,80.0,80.0,155306.0
2023-09-08 09:30:00,80.2,85.0,80.2,83.5,50751.0
2023-09-08 13:30:00,83.6,84.4,83.6,84.0,6750.0
2023-09-11 09:30:00,84.6,84.6,84.0,84.1,51588.0
2023-09-11 13:30:00,84.1,84.1,83.5,83.5,121204.0
2023-09-12 09:30:00,84.0,84.0,82.1,82.2,52663.0
2023-09-12 13:30:00,82.2,84.2,82.1,83.0,10364.0
2023-09-13 09:30:00,83.0,87.0,83.0,87.0,494964.0
2023-09-13 13:30:00,87.0,87.7,86.7,87.6,28032.0
2023-09-14 09:30:00,87.6,89.0,87.1,88.7,720482.0
2023-09-14 13:30:00,88.7,88.7,88.0,88.0,52802.0
2023-09-15 09:30:00,87.2,88.1,87.2,87.3,123044.0
2023-09-15 13:30:00,87.3,87.3,86.1,87.0,7022.0
2023-09-18 09:30:00,87.2,87.9,86.8,87.2,94968.0
2023-09-18 13:30:00,87.0,87.0,86.7,86.8,68182.0
2023-09-19 09:30:00,87.0,87.2,86.5,86.5,325120.0
2023-09-19 13:30:00,86.8,87.0,86.8,87.0,32852.0
2023-09-20 09:30:00,87.0,88.0,86.9,86.9,209181.0
2023-09-20 13:30:00,87.0,87.0,87.0,87.0,45704.0
2023-09-21 09:30:00,86.4,87.1,85.1,85.2,23908.0
2023-09-21 13:30:00,85.5,85.5,85.2,85.2,10662.0
2023-09-22 09:30:00,85.2,86.2,85.1,86.2,378238.0
2023-09-22 13:30:00,86.3,86.3,86.0,86.0,1002.0
2023-09-25 09:30:00,86.1,87.0,86.0,86.1,4752.0
2023-09-25 13:30:00,86.8,87.1,86.0,86.1,9991.0
2023-09-26 09:30:00,86.2,87.4,86.2,86.6,25722.0
2023-09-26 13:30:00,86.6,86.8,86.6,86.8,215.0
2023-09-27 09:30:00,87.0,87.0,85.8,86.3,35806.0
2023-09-27 13:30:00,86.1,87.0,86.0,87.0,78763.0
2023-10-02 09:30:00,86.9,86.9,82.0,85.0,13050.0
2023-10-02 13:30:00,85.0,85.0,85.0,85.0,100.0
2023-10-03 09:30:00,85.0,85.0,82.2,83.0,9039.0
2023-10-03 13:30:00,83.1,83.1,83.0,83.0,35021.0
2023-10-04 09:30:00,83.0,83.3,82.0,83.3,14020.0
2023-10-04 13:30:00,83.2,84.0,83.2,84.0,887.0
2023-10-05 09:30:00,83.0,85.0,82.3,84.0,22427.0
2023-10-05 13:30:00,83.9,83.9,83.0,83.0,5110.0
2023-10-06 09:30:00,83.0,83.1,82.0,82.1,5972.0
2023-10-06 13:30:00,82.1,82.5,82.0,82.0,1469.0
2023-10-09 09:30:00,82.0,82.0,77.0,80.0,25973.0
2023-10-09 13:30:00,80.0,80.1,79.9,80.0,26405.0
2023-10-10 09:30:00,80.0,82.0,80.0,80.0,68284.0
2023-10-10 13:30:00,80.0,80.2,80.0,80.0,10486.0
2023-10-11 09:30:00,80.0,80.0,78.2,78.2,83661.0
2023-10-11 13:30:00,78.2,80.0,78.2,78.4,1372.0
2023-10-12 09:30:00,79.0,82.3,79.0,82.0,3347.0
2023-10-12 13:30:00,80.1,82.0,80.1,82.0,11.0
2023-10-13 09:30:00,79.9,82.0,79.0,80.0,10557.0
2023-10-13 13:30:00,80.0,81.9,80.0,81.9,12050.0
2023-10-16 09:30:00,81.8,81.8,78.5,80.0,22167.0
2023-10-16 13:30:00,78.5,79.0,78.5,78.5,800.0
2023-10-17 09:30:00,80.0,80.0,78.1,78.5,101043.0
2023-10-17 13:30:00,78.1,78.5,77.5,77.5,2057.0
2023-10-18 09:30:00,77.9,77.9,75.0,77.2,122534.0
2023-10-18 13:30:00,75.2,77.0,75.0,77.0,2603.0
2023-10-19 09:30:00,77.5,77.8,73.3,75.2,203272.0
2023-10-19 13:30:00,75.9,76.0,75.2,76.0,134.0
2023-10-20 09:30:00,76.0,79.5,75.5,79.0,18413.0
2023-10-20 13:30:00,79.0,80.0,79.0,80.0,170333.0
2023-10-23 09:30:00,81.0,81.0,77.0,79.8,17180.0
2023-10-23 13:30:00,78.6,79.8,78.5,79.8,5505.0
2023-10-24 09:30:00,78.3,79.5,78.0,79.0,161842.0
2023-10-24 13:30:00,79.0,79.0,78.5,79.0,6937.0
2023-10-25 09:30:00,79.4,79.4,76.7,77.0,384964.0
2023-10-25 13:30:00,77.0,77.9,77.0,77.9,100001.0
2023-10-26 09:30:00,76.7,79.4,75.8,76.1,14099.0
2023-10-26 13:30:00,76.5,77.9,76.2,77.9,100010.0
2023-10-27 09:30:00,77.9,79.0,76.2,77.9,47259.0
2023-10-27 13:30:00,77.0,78.0,77.0,78.0,60620.0
2023-10-30 09:30:00,79.0,79.0,77.0,77.5,158303.0
2023-10-30 13:30:00,78.5,79.2,78.5,79.2,10019.0
2023-10-31 09:30:00,78.5,78.5,77.1,77.1,130064.0
2023-10-31 13:30:00,78.0,78.0,78.0,78.0,121.0
2023-11-01 09:30:00,78.0,78.4,78.0,78.4,225.0
2023-11-01 13:30:00,78.5,79.0,78.5,78.5,6638.0
2023-11-02 09:30:00,78.5,79.0,78.0,78.2,71333.0
2023-11-02 13:30:00,78.2,78.9,78.2,78.9,5501.0
2023-11-03 09:30:00,78.3,78.5,78.1,78.5,19067.0
2023-11-03 13:30:00,78.9,78.9,78.9,78.9,5.0
2023-11-06 09:30:00,80.0,83.2,80.0,82.2,260401.0
2023-11-06 13:30:00,82.5,82.6,82.5,82.6,156619.0
2023-11-07 09:30:00,82.5,83.5,82.5,83.1,191537.0
2023-11-07 13:30:00,83.1,84.2,83.1,84.2,6173.0
2023-11-08 09:30:00,84.3,87.5,84.3,86.0,242934.0
2023-11-08 13:30:00,86.0,87.0,86.0,87.0,50265.0
2023-11-09 09:30:00,87.0,87.0,84.5,85.0,58282.0
2023-11-09 13:30:00,85.0,85.0,85.0,85.0,11103.0
2023-11-10 09:30:00,86.5,86.5,84.4,85.0,2339.0
2023-11-10 13:30:00,84.4,84.4,83.8,83.8,4466.0
2023-11-13 09:30:00,85.9,85.9,83.0,83.5,141661.0
2023-11-13 13:30:00,83.5,84.0,83.5,83.9,48794.0
2023-11-14 09:30:00,80.0,83.9,77.5,78.0,167157.0
2023-11-14 13:30:00,78.0,78.0,77.5,78.0,13851.0
2023-11-15 09:30:00,80.0,80.0,78.5,78.5,61206.0
2023-11-15 13:30:00,78.5,78.5,77.9,78.0,28736.0
2023-11-16 09:30:00,78.0,78.0,76.1,78.0,62068.0
2023-11-16 13:30:00,79.8,79.8,78.0,78.0,10022.0
2023-11-17 09:30:00,79.8,80.9,78.0,78.0,1582017.0
2023-11-17 13:30:00,78.0,80.0,78.0,80.0,94874.0
2023-11-20 09:30:00,80.0,80.0,77.5,78.0,130083.0
2023-11-20 13:30:00,78.0,78.0,77.5,78.0,40645.0
2023-11-21 09:30:00,77.9,77.9,76.2,77.5,7051.0
2023-11-21 13:30:00,77.4,77.4,76.3,76.3,677.0
2023-11-22 09:30:00,77.0,77.0,75.2,75.5,334538.0
2023-11-22 13:30:00,76.0,77.5,76.0,77.5,16483.0
2023-11-23 09:30:00,76.5,77.9,76.5,77.6,2623.0
2023-11-23 13:30:00,77.6,77.6,76.5,77.6,14139.0
2023-11-24 09:30:00,77.9,77.9,77.0,77.2,13650.0
2023-11-24 13:30:00,77.2,77.2,77.1,77.1,2012.0
2023-11-27 09:30:00,77.9,77.9,77.0,77.8,168386.0
2023-11-28 09:30:00,77.5,77.8,77.0,77.2,76834.0
2023-11-28 13:30:00,77.6,77.8,77.6,77.7,5875.0
2023-11-29 09:30:00,77.5,78.9,77.5,78.2,2939.0
2023-11-29 13:30:00,78.2,79.0,78.0,79.0,9789.0
2023-11-30 09:30:00,79.4,79.4,78.1,79.0,1625.0
2023-11-30 13:30:00,79.4,79.5,79.4,79.5,8437.0
2023-12-01 09:30:00,79.7,80.0,79.2,79.3,27489.0
2023-12-01 13:30:00,79.5,80.0,79.4,80.0,7126.0
2023-12-04 09:30:00,80.2,80.5,79.6,80.5,299165.0
2023-12-04 13:30:00,80.5,80.5,80.0,80.0,48162.0
2023-12-05 09:30:00,80.4,80.4,79.5,80.0,135351.0
2023-12-05 13:30:00,80.0,80.2,80.0,80.0,106677.0
2023-12-06 09:30:00,79.4,81.0,79.4,80.0,27514.0
2023-12-06 13:30:00,80.9,81.0,80.0,81.0,15279.0
2023-12-07 09:30:00,81.5,82.5,80.5,82.5,316619.0
2023-12-07 13:30:00,82.5,82.5,82.5,82.5,54.0
2023-12-08 09:30:00,82.0,82.1,81.0,82.0,4816.0
2023-12-08 13:30:00,82.0,85.5,81.7,85.0,169973.0
2023-12-11 09:30:00,84.0,85.3,84.0,85.1,47841.0
2023-12-11 13:30:00,85.0,85.2,85.0,85.2,4859.0
2023-12-12 09:30:00,85.1,87.9,85.0,87.8,347565.0
2023-12-12 13:30:00,87.9,90.0,87.8,90.0,244204.0
2023-12-13 09:30:00,90.0,90.0,86.1,89.0,677767.0
2023-12-13 13:30:00,89.5,89.9,89.0,89.9,190144.0
2023-12-14 09:30:00,89.0,89.5,88.3,89.0,112749.0
2023-12-14 13:30:00,89.0,89.5,88.9,89.5,65161.0
2023-12-15 09:30:00,88.5,89.2,88.5,89.0,22720.0
2023-12-15 13:30:00,88.7,89.0,88.6,89.0,6506.0
2023-12-18 09:30:00,89.0,89.0,85.2,85.7,9715.0
2023-12-18 13:30:00,85.7,86.9,85.6,86.0,8797.0
2023-12-19 09:30:00,86.0,86.9,84.8,85.0,41436.0
2023-12-19 13:30:00,84.8,86.0,84.3,86.0,6179.0
2023-12-20 09:30:00,85.0,85.1,84.6,84.6,45043.0
2023-12-20 13:30:00,84.6,84.6,84.0,84.5,34686.0
2023-12-21 09:30:00,84.2,85.0,84.0,84.5,212830.0
2023-12-21 13:30:00,84.5,85.0,84.3,84.6,68775.0
2023-12-22 09:30:00,85.0,85.0,84.5,85.0,7195.0
2023-12-22 13:30:00,84.5,85.0,84.4,84.9,4822.0
2023-12-27 09:30:00,84.4,85.0,84.4,84.5,204872.0
2023-12-27 13:30:00,84.6,84.8,84.6,84.8,206000.0
2023-12-28 09:30:00,85.0,86.0,84.0,84.7,2390.0
2023-12-28 13:30:00,84.7,85.0,84.6,85.0,355.0
2023-12-29 09:30:00,84.6,84.6,84.1,84.1,14727.0
2023-12-29 13:30:00,84.2,84.8,84.2,84.8,427.0
2024-01-02 09:30:00,85.0,86.0,84.3,85.9,21277.0
2024-01-02 13:30:00,85.9,86.0,85.5,86.0,1660.0
2024-01-03 09:30:00,86.0,92.0,86.0,90.5,312307.0
2024-01-03 13:30:00,91.0,92.5,90.2,92.0,379680.0
2024-01-04 09:30:00,91.0,91.0,88.5,90.9,17439.0
2024-01-04 13:30:00,90.9,92.5,90.5,92.5,488012.0
2024-01-05 09:30:00,92.5,93.7,92.0,93.1,787291.0
2024-01-05 13:30:00,93.2,93.2,92.5,92.6,53525.0
2024-01-08 09:30:00,93.0,94.0,92.0,92.5,194940.0
2024-01-08 13:30:00,92.5,93.0,92.0,92.0,29533.0
2024-01-09 09:30:00,92.0,92.5,91.3,91.3,6528.0
2024-01-09 13:30:00,91.5,92.0,91.5,91.5,540.0
2024-01-10 09:30:00,91.2,91.5,87.0,87.0,32450.0
2024-01-10 13:30:00,88.5,90.0,88.5,90.0,1708.0
2024-01-11 09:30:00,89.9,89.9,87.6,88.6,31033.0
2024-01-11 13:30:00,89.8,89.8,89.0,89.8,748.0
2024-01-12 09:30:00,88.2,89.8,88.2,89.8,606.0
2024-01-12 13:30:00,88.3,89.0,88.2,89.0,7702.0
2024-01-16 09:30:00,88.2,89.4,84.7,84.9,174517.0
2024-01-16 13:30:00,84.9,85.0,84.8,84.8,16425.0
2024-01-17 09:30:00,87.0,87.0,84.0,85.0,10442.0
2024-01-17 13:30:00,85.0,85.0,85.0,85.0,100.0
2024-01-18 09:30:00,84.5,85.0,82.5,83.1,23401.0
2024-01-18 13:30:00,83.1,84.0,83.1,84.0,10600.0
2024-01-19 09:30:00,82.9,84.0,80.5,81.2,284803.0
2024-01-19 13:30:00,81.2,83.8,81.0,81.9,16068.0
2024-01-22 09:30:00,81.3,81.5,80.8,81.5,43117.0
2024-01-22 13:30:00,81.0,81.5,80.9,80.9,233433.0
2024-01-23 09:30:00,81.0,81.5,81.0,81.0,3459.0
2024-01-23 13:30:00,81.0,81.1,81.0,81.1,2106.0
2024-01-24 09:30:00,80.8,81.0,80.6,80.6,130143.0
2024-01-24 13:30:00,80.1,80.5,80.0,80.5,38843.0
2024-01-26 09:30:00,81.4,81.8,81.4,81.5,619.0
2024-01-26 13:30:00,81.4,81.8,81.4,81.8,4530.0
2024-01-29 09:30:00,82.0,82.0,80.0,80.2,174576.0
2024-01-29 13:30:00,80.5,80.5,80.0,80.0,685.0
2024-01-30 09:30:00,82.0,82.0,80.1,80.5,204013.0
2024-01-30 13:30:00,80.6,81.0,80.5,80.5,987.0
2024-01-31 09:30:00,82.0,82.0,80.5,81.0,175720.0
2024-01-31 13:30:00,82.0,82.0,81.0,81.0,2162.0
2024-02-01 09:30:00,82.0,83.0,81.0,83.0,4079.0
2024-02-01 13:30:00,83.0,83.0,82.0,82.0,4222.0
2024-02-02 09:30:00,82.0,82.0,81.1,81.6,10649.0
2024-02-02 13:30:00,81.9,82.0,81.9,82.0,1026.0
2024-02-06 09:30:00,82.0,85.0,82.0,84.5,42771.0
2024-02-06 13:30:00,84.3,84.5,83.9,83.9,150.0
2024-02-07 09:30:00,83.9,84.0,83.3,83.9,11940.0
2024-02-07 13:30:00,83.6,83.6,83.5,83.5,5025.0
2024-02-08 09:30:00,85.0,85.0,83.0,84.1,653607.0
2024-02-08 13:30:00,84.1,84.1,84.0,84.0,2186.0
2024-02-09 09:30:00,84.0,84.8,83.5,84.0,51429.0
2024-02-09 13:30:00,83.5,83.5,83.0,83.0,1364.0
2024-02-12 09:30:00,83.0,84.9,82.2,84.0,7392.0
2024-02-12 13:30:00,84.1,84.6,84.1,84.1,15120.0
2024-02-13 09:30:00,84.5,84.5,83.5,84.5,14719.0
2024-02-13 13:30:00,84.0,84.0,84.0,84.0,5050.0
2024-02-14 09:30:00,84.4,84.4,82.0,84.0,131244.0
2024-02-15 09:30:00,83.7,84.4,82.5,82.8,90405.0
2024-02-15 13:30:00,82.8,84.0,82.6,84.0,2302.0
2024-02-16 09:30:00,82.6,82.6,75.2,80.2,42630.0
2024-02-16 13:30:00,80.6,82.2,80.6,82.2,54286.0
2024-02-19 09:30:00,83.0,83.0,80.5,82.2,32467.0
2024-02-19 13:30:00,83.0,84.4,83.0,84.0,10825.0
2024-02-20 09:30:00,84.0,86.0,83.3,86.0,77076.0
2024-02-20 13:30:00,86.0,87.0,86.0,87.0,42346.0
2024-02-21 09:30:00,87.0,89.5,87.0,89.0,84160.0
2024-02-21 13:30:00,89.0,90.5,88.0,90.0,228720.0
2024-02-22 09:30:00,90.0,90.0,88.0,89.0,48872.0
2024-02-22 13:30:00,88.2,89.1,88.0,89.1,12747.0
2024-02-26 09:30:00,89.3,90.0,89.0,89.6,183363.0
2024-02-26 13:30:00,89.1,89.1,88.5,88.6,10933.0
2024-02-27 09:30:00,88.9,89.5,88.9,89.0,4437.0
2024-02-27 13:30:00,89.0,89.5,89.0,89.5,10655.0
2024-02-28 09:30:00,89.9,89.9,88.0,88.5,11899.0
2024-02-28 13:30:00,88.0,88.0,88.0,88.0,506.0
2024-02-29 09:30:00,87.7,88.5,87.7,88.0,161008.0
2024-02-29 13:30:00,88.1,88.5,88.0,88.5,1301.0
2024-03-01 09:30:00,88.9,90.0,88.9,89.5,180541.0
2024-03-01 13:30:00,89.5,89.6,89.5,89.6,1069.0
2024-03-04 09:30:00,89.0,89.8,88.1,88.1,943.0
2024-03-04 13:30:00,88.1,89.8,88.1,88.5,3587.0
2024-03-05 09:30:00,86.8,88.5,86.8,87.4,202464.0
2024-03-06 09:30:00,87.0,87.5,86.6,86.6,63840.0
2024-03-06 13:30:00,86.6,87.0,86.6,87.0,3369.0
2024-03-07 09:30:00,87.0,87.0,86.5,86.8,14353.0
2024-03-07 13:30:00,86.8,86.8,86.6,86.8,94275.0
2024-03-11 09:30:00,87.0,87.0,86.5,86.5,43201.0
2024-03-11 13:30:00,86.1,86.4,86.0,86.0,10845.0
2024-03-12 09:30:00,86.0,86.0,85.0,85.9,25437.0
2024-03-12 13:30:00,85.9,85.9,85.9,85.9,70.0
2024-03-13 09:30:00,85.9,88.0,85.9,87.0,14420.0
2024-03-13 13:30:00,86.5,88.0,86.5,88.0,120.0
2024-03-14 09:30:00,86.6,88.0,86.6,88.0,26205.0
2024-03-14 13:30:00,88.0,88.0,87.0,87.0,7223.0
2024-03-15 09:30:00,87.9,89.8,87.5,89.0,182536.0
2024-03-15 13:30:00,89.0,90.0,89.0,90.0,20090.0
2024-03-18 09:30:00,90.0,90.0,87.5,88.2,2143.0
2024-03-18 13:30:00,88.2,90.0,88.2,88.2,18550.0
2024-03-19 09:30:00,89.6,89.6,87.5,87.7,45414.0
2024-03-19 13:30:00,88.5,88.5,88.5,88.5,376.0
2024-03-20 09:30:00,88.0,88.5,88.0,88.0,93813.0
2024-03-20 13:30:00,88.0,88.0,87.7,87.7,17116.0
2024-03-21 09:30:00,88.0,88.0,87.1,87.2,35609.0
2024-03-21 13:30:00,87.2,87.5,87.1,87.1,1816.0
2024-03-22 09:30:00,87.5,87.5,87.1,87.2,11069.0
2024-03-22 13:30:00,87.1,87.5,87.1,87.5,4291.0
2024-03-25 09:30:00,87.0,87.5,86.7,87.0,59615.0
2024-03-25 13:30:00,87.1,87.1,87.0,87.0,4000.0
2024-03-26 09:30:00,86.8,87.4,86.8,87.1,3326.0
2024-03-26 13:30:00,87.1,87.3,87.1,87.1,4055.0
2024-03-27 09:30:00,87.1,87.4,86.0,86.2,27270.0
2024-03-27 13:30:00,86.3,87.0,86.3,87.0,14.0
2024-03-28 09:30:00,87.0,87.9,87.0,87.8,19761.0
2024-03-28 13:30:00,87.8,88.0,87.8,88.0,17127.0
2024-04-01 09:30:00,88.0,89.0,88.0,88.8,129274.0
2024-04-01 13:30:00,89.0,89.0,88.8,89.0,26810.0
2024-04-02 09:30:00,88.0,89.4,88.0,88.0,49968.0
2024-04-02 13:30:00,88.1,88.9,88.0,88.9,26021.0
2024-04-03 09:30:00,88.5,88.5,88.0,88.5,6452.0
2024-04-03 13:30:00,88.9,90.5,88.9,90.0,270080.0
2024-04-04 09:30:00,90.0,92.5,88.5,92.0,182089.0
2024-04-04 13:30:00,91.5,91.5,90.6,90.6,6975.0
2024-04-05 09:30:00,91.8,92.0,90.0,92.0,77272.0
2024-04-05 13:30:00,91.5,92.4,91.5,92.0,72331.0
2024-04-08 09:30:00,92.0,92.5,92.0,92.5,95345.0
2024-04-08 13:30:00,92.9,92.9,92.5,92.9,516.0
2024-04-09 09:30:00,92.5,92.5,89.2,91.9,90542.0
2024-04-09 13:30:00,92.0,92.0,90.6,92.0,16675.0
2024-04-10 09:30:00,92.0,93.7,91.1,93.1,46374.0
2024-04-15 09:30:00,92.7,93.3,91.7,92.0,357369.0
2024-04-15 13:30:00,92.0,92.0,92.0,92.0,67525.0
2024-04-16 09:30:00,91.7,91.7,89.4,90.0,118096.0
2024-04-16 13:30:00,90.0,90.0,90.0,90.0,125.0
2024-04-17 09:30:00,89.5,89.5,87.5,89.0,11292.0
2024-04-17 13:30:00,89.0,89.0,89.0,89.0,3170.0
2024-04-18 09:30:00,88.0,89.2,85.0,89.2,9754.0
2024-04-18 13:30:00,89.5,89.5,89.5,89.5,2376.0
2024-04-19 09:30:00,87.8,90.0,87.8,87.8,2019.0
2024-04-19 13:30:00,88.0,89.9,88.0,89.9,10001.0
2024-04-22 09:30:00,89.9,90.0,88.8,89.2,21260.0
2024-04-22 13:30:00,89.2,89.8,89.2,89.8,7546.0
2024-04-24 09:30:00,89.9,89.9,88.0,88.0,247568.0
2024-04-24 13:30:00,89.5,89.5,89.5,89.5,307.0
2024-04-25 09:30:00,88.2,90.0,87.9,89.0,96995.0
2024-04-25 13:30:00,90.0,90.0,90.0,90.0,3301.0
2024-04-26 09:30:00,88.8,90.0,88.0,90.0,123043.0
2024-04-26 13:30:00,89.2,89.2,89.2,89.2,106.0
2024-04-29 09:30:00,90.0,91.5,89.0,91.5,34093.0
2024-04-29 13:30:00,91.3,92.5,91.3,92.5,24245.0
2024-04-30 09:30:00,92.0,92.0,91.0,91.5,234672.0
2024-04-30 13:30:00,91.6,92.0,91.5,92.0,22091.0
2024-05-02 09:30:00,91.0,93.0,91.0,92.0,82725.0
2024-05-02 13:30:00,91.3,91.3,91.3,91.3,579.0
2024-05-03 09:30:00,91.1,92.5,90.2,90.6,55124.0
2024-05-03 13:30:00,92.4,92.4,90.6,92.3,34201.0
2024-05-06 09:30:00,92.5,93.0,90.6,92.0,6739.0
2024-05-06 13:30:00,92.0,92.7,92.0,92.0,5129.0
2024-05-07 09:30:00,92.7,92.7,92.0,92.5,150579.0
2024-05-07 13:30:00,92.4,92.5,92.4,92.5,8239.0
2024-05-08 09:30:00,92.1,92.1,91.1,91.5,3461.0
2024-05-08 13:30:00,91.3,91.5,91.0,91.0,5723.0
2024-05-09 09:30:00,92.0,92.4,91.0,91.1,80992.0
2024-05-09 13:30:00,91.9,92.0,91.9,92.0,70.0
2024-05-10 09:30:00,92.3,92.3,91.8,92.0,174751.0
2024-05-10 13:30:00,92.2,92.2,92.0,92.2,2834.0
2024-05-13 09:30:00,92.0,92.0,91.8,92.0,5441.0
2024-05-13 13:30:00,92.0,92.0,92.0,92.0,1500.0
2024-05-14 09:30:00,91.9,92.0,91.0,91.0,24147.0
2024-05-15 09:30:00,91.1,91.4,90.0,90.2,55532.0
2024-05-15 13:30:00,90.1,90.1,89.6,89.6,65181.0
2024-05-16 09:30:00,90.0,90.0,89.2,89.5,69915.0
2024-05-16 13:30:00,89.5,89.9,89.4,89.8,82686.0
2024-05-17 09:30:00,90.0,90.0,89.5,89.5,9201.0
2024-05-17 13:30:00,89.5,89.5,89.5,89.5,2250.0
2024-05-20 09:30:00,90.0,90.0,88.5,89.0,9794.0
2024-05-20 13:30:00,89.1,89.2,89.1,89.2,200.0
2024-05-21 09:30:00,89.2,89.2,88.5,88.6,7800.0
2024-05-21 13:30:00,89.0,89.2,89.0,89.2,3001.0
2024-05-22 09:30:00,89.8,90.0,89.7,89.7,15703.0
2024-05-22 13:30:00,89.7,89.7,89.7,89.7,575.0
2024-05-27 09:30:00,90.0,90.0,89.0,89.6,15509.0
2024-05-27 13:30:00,89.6,89.6,89.6,89.6,50.0
2024-05-28 09:30:00,89.0,89.0,88.9,89.0,16197.0
2024-05-28 13:30:00,89.5,89.5,89.0,89.5,511.0
2024-05-29 09:30:00,89.1,89.1,88.0,89.1,10289.0
2024-05-29 13:30:00,89.1,89.1,89.0,89.0,7029.0
2024-05-30 09:30:00,87.6,90.0,87.6,89.0,7151.0
2024-05-30 13:30:00,89.0,89.0,88.6,89.0,2127.0
2024-05-31 09:30:00,88.5,90.0,87.9,88.0,160636.0
2024-05-31 13:30:00,88.0,88.0,88.0,88.0,18022.0
2024-06-03 09:30:00,88.0,88.0,87.0,87.1,16451.0
2024-06-03 13:30:00,87.5,88.0,85.0,85.0,29001.0
2024-06-04 09:30:00,87.0,88.5,86.0,88.0,113895.0
2024-06-04 13:30:00,88.0,88.4,87.5,88.4,5050.0
2024-06-05 09:30:00,87.7,88.0,87.7,87.7,406.0
2024-06-05 13:30:00,88.0,88.0,88.0,88.0,150.0
2024-06-06 09:30:00,88.0,88.5,88.0,88.5,5122.0
2024-06-06 13:30:00,88.2,88.2,88.0,88.0,23453.0
2024-06-07 09:30:00,88.5,88.5,87.8,87.9,22678.0
2024-06-07 13:30:00,87.9,87.9,87.9,87.9,5841.0
2024-06-10 09:30:00,87.8,88.0,87.2,87.7,40965.0
2024-06-10 13:30:00,87.6,88.0,87.6,88.0,22916.0
2024-06-11 09:30:00,87.6,88.0,87.5,87.5,79002.0
2024-06-11 13:30:00,87.5,87.5,87.5,87.5,95.0
2024-06-12 09:30:00,88.0,88.0,87.0,87.0,16951.0
2024-06-12 13:30:00,87.0,87.0,87.0,87.0,3452.0
2024-06-13 09:30:00,86.9,87.5,86.9,87.3,36124.0
2024-06-13 13:30:00,87.5,88.0,87.3,87.3,12500.0
2024-06-14 09:30:00,88.0,88.0,87.2,87.2,90210.0
2024-06-14 13:30:00,87.3,87.8,87.3,87.8,9268.0
2024-06-18 09:30:00,87.1,87.9,87.1,87.1,17206.0
2024-06-18 13:30:00,87.5,88.0,87.5,88.0,34926.0
2024-06-19 09:30:00,87.5,88.0,87.0,87.0,292715.0
2024-06-19 13:30:00,87.0,87.0,87.0,87.0,9401.0
2024-06-20 09:30:00,87.5,88.0,87.0,87.0,303549.0
2024-06-24 09:30:00,87.5,88.0,87.5,87.5,4132.0
2024-06-24 13:30:00,87.2,87.5,87.1,87.1,7979.0
2024-06-25 09:30:00,87.2,87.5,87.0,87.1,2602.0
2024-06-25 13:30:00,87.4,87.4,86.9,86.9,3242.0
2024-06-26 09:30:00,87.0,87.2,86.0,86.0,20866.0
2024-06-26 13:30:00,86.0,86.0,86.0,86.0,2464.0
2024-06-27 09:30:00,86.0,86.2,86.0,86.2,8860.0
2024-06-27 13:30:00,86.2,86.2,86.2,86.2,520.0
2024-06-28 09:30:00,86.2,86.6,85.0,86.0,18402.0
2024-06-28 13:30:00,85.1,85.1,84.9,84.9,12615.0
2024-07-01 09:30:00,85.0,85.0,84.9,84.9,23086.0
2024-07-01 13:30:00,84.9,85.0,84.9,85.0,1798.0
2024-07-02 09:30:00,85.0,85.0,84.0,84.0,7033.0
2024-07-02 13:30:00,84.0,84.0,83.8,84.0,296.0
2024-07-03 09:30:00,84.0,84.0,82.8,82.8,17588.0
2024-07-03 13:30:00,82.8,82.8,82.8,82.8,243.0
2024-07-04 09:30:00,83.0,83.1,80.1,82.0,31211.0
2024-07-04 13:30:00,82.0,82.0,81.0,81.1,10660.0
2024-07-05 09:30:00,81.9,81.9,80.7,80.7,52334.0
2024-07-05 13:30:00,80.5,81.0,80.5,81.0,16909.0
2024-07-08 09:30:00,81.5,81.5,80.6,81.0,40380.0
2024-07-08 13:30:00,80.7,80.7,79.9,79.9,106650.0
2024-07-09 09:30:00,80.0,80.2,79.4,80.2,70886.0
2024-07-09 13:30:00,81.0,81.0,80.3,80.3,7.0
2024-07-10 09:30:00,81.0,81.0,80.5,81.0,33205.0
2024-07-10 13:30:00,81.0,82.5,81.0,82.0,10374.0
2024-07-11 09:30:00,82.5,85.0,82.5,85.0,173601.0
2024-07-11 13:30:00,85.0,85.0,85.0,85.0,10341.0
2024-07-12 09:30:00,85.0,85.5,83.1,85.5,1229023.0
2024-07-12 13:30:00,85.0,85.0,85.0,85.0,25.0
2024-07-15 09:30:00,85.5,85.5,85.0,85.0,828.0
2024-07-15 13:30:00,85.1,85.4,85.1,85.4,5032.0
2024-07-16 09:30:00,85.9,86.0,85.0,85.0,475330.0
2024-07-16 13:30:00,84.1,85.0,84.1,85.0,30.0
2024-07-17 09:30:00,86.0,86.0,84.1,84.1,510.0
2024-07-18 09:30:00,85.8,85.9,84.0,84.0,7741.0
2024-07-18 13:30:00,85.0,85.0,85.0,85.0,10.0
2024-07-19 09:30:00,84.1,84.1,84.0,84.0,17534.0
2024-07-19 13:30:00,84.1,84.1,84.1,84.1,1.0
2024-07-22 09:30:00,84.3,84.3,80.0,80.6,40009.0
2024-07-22 13:30:00,80.6,82.4,80.5,81.5,39967.0
2024-07-23 09:30:00,82.5,83.5,82.0,83.0,74210.0
2024-07-23 13:30:00,83.0,83.0,83.0,83.0,12967.0
2024-07-24 09:30:00,82.5,83.0,82.5,82.8,50120.0
2024-07-24 13:30:00,83.5,83.5,83.0,83.0,97.0
2024-07-25 09:30:00,82.6,83.0,81.6,81.7,1300.0
2024-07-25 13:30:00,81.8,82.9,81.7,82.9,1030.0
2024-07-26 09:30:00,82.9,82.9,81.8,82.0,126726.0
2024-07-26 13:30:00,82.0,82.0,81.7,81.7,501.0
2024-07-29 09:30:00,82.0,82.0,81.7,81.8,12245.0
2024-07-29 13:30:00,81.8,81.8,81.8,81.8,76.0
2024-07-30 09:30:00,81.9,81.9,81.7,81.9,5431.0
2024-07-30 13:30:00,81.9,81.9,81.9,81.9,2.0
2024-07-31 09:30:00,81.9,81.9,81.3,81.3,8839.0
2024-07-31 13:30:00,81.2,81.2,80.1,80.1,18855.0
2024-08-01 09:30:00,80.1,81.1,80.1,80.8,189033.0
2024-08-01 13:30:00,80.7,80.8,80.5,80.8,19917.0
2024-08-02 09:30:00,80.2,80.5,80.0,80.0,372160.0
2024-08-02 13:30:00,80.2,80.9,80.2,80.9,117.0
2024-08-05 09:30:00,80.8,81.0,79.0,79.0,594999.0
2024-08-05 13:30:00,79.1,79.1,79.0,79.0,12971.0
2024-08-06 09:30:00,80.0,80.4,78.5,79.3,8052.0
2024-08-06 13:30:00,79.2,79.5,79.0,79.2,795.0
2024-08-07 09:30:00,80.9,80.9,79.9,79.9,405.0
2024-08-07 13:30:00,79.9,80.0,79.9,80.0,6050.0
2024-08-08 09:30:00,80.9,80.9,79.9,80.0,3827.0
2024-08-08 13:30:00,80.0,80.0,79.0,79.0,10329.0
2024-08-09 09:30:00,80.0,80.0,78.5,79.1,47008.0
2024-08-09 13:30:00,79.1,79.1,79.1,79.1,36000.0
2024-08-12 09:30:00,79.5,80.0,79.5,80.0,2021.0
2024-08-12 13:30:00,80.5,80.5,80.5,80.5,500.0
2024-08-13 09:30:00,81.0,81.0,80.5,80.5,15705.0
2024-08-13 13:30:00,80.5,81.0,80.0,81.0,12185.0
2024-08-14 09:30:00,81.0,81.5,80.0,80.0,1152961.0
2024-08-14 13:30:00,80.0,81.5,80.0,81.5,6104.0
2024-08-15 09:30:00,81.9,82.0,81.0,81.1,906458.0
2024-08-15 13:30:00,81.1,82.5,81.0,82.5,18003.0
2024-08-16 09:30:00,82.5,82.5,81.0,81.5,39003.0
2024-08-16 13:30:00,81.5,83.0,81.5,81.6,4420.0
2024-08-20 09:30:00,82.0,82.5,81.3,81.3,8774.0
2024-08-20 13:30:00,82.0,82.5,81.6,82.5,257.0
2024-08-21 09:30:00,83.0,83.0,81.9,81.9,14151.0
2024-08-21 13:30:00,81.6,81.8,81.5,81.8,3143.0
2024-08-22 09:30:00,81.9,82.0,81.9,82.0,210104.0
2024-08-22 13:30:00,81.9,81.9,81.9,81.9,1202.0
2024-08-23 09:30:00,81.9,81.9,81.2,81.6,117073.0
2024-08-23 13:30:00,81.2,81.2,81.0,81.0,4492.0
2024-08-26 09:30:00,81.0,81.0,80.1,80.2,104689.0
2024-08-26 13:30:00,80.1,80.3,80.0,80.3,7524.0
2024-08-27 09:30:00,80.8,80.8,78.8,78.8,20611.0
2024-08-27 13:30:00,78.8,78.8,77.9,77.9,21512.0
2024-08-28 09:30:00,78.0,78.0,75.2,75.9,171771.0
2024-08-28 13:30:00,75.9,77.0,75.5,77.0,28662.0
2024-08-29 09:30:00,79.5,79.5,75.0,75.0,165919.0
2024-08-29 13:30:00,75.1,77.8,75.0,77.8,20850.0
2024-08-30 09:30:00,77.0,77.8,74.9,75.0,34596.0
2024-08-30 13:30:00,74.9,75.0,74.7,75.0,24467.0
2024-09-02 09:30:00,75.1,77.5,74.8,74.8,15689.0
2024-09-02 13:30:00,75.0,75.0,74.9,75.0,3266.0
2024-09-03 09:30:00,75.0,75.0,73.6,74.0,59565.0
2024-09-03 13:30:00,74.0,74.5,74.0,74.5,18870.0
2024-09-04 09:30:00,75.0,77.0,74.9,76.5,170411.0
2024-09-04 13:30:00,76.5,76.5,76.0,76.5,4905.0
2024-09-05 09:30:00,77.3,77.3,75.5,75.5,44646.0
2024-09-05 13:30:00,76.0,76.0,75.0,75.0,13078.0
2024-09-06 09:30:00,75.0,76.5,74.6,76.5,647.0
2024-09-06 13:30:00,76.0,76.5,75.2,76.5,449.0
2024-09-09 09:30:00,76.0,76.0,74.5,75.0,42551.0
2024-09-09 13:30:00,74.9,75.0,74.9,75.0,6772.0
2024-09-10 09:30:00,75.0,77.1,74.3,75.0,58368.0
2024-09-10 13:30:00,75.0,75.0,74.3,74.6,1302.0
2024-09-11 09:30:00,77.5,77.5,75.0,75.2,6042.0
2024-09-11 13:30:00,75.9,75.9,75.9,75.9,15.0
2024-09-12 09:30:00,75.9,76.9,74.4,75.0,50162.0
2024-09-12 13:30:00,74.8,75.0,74.8,75.0,10052.0
2024-09-13 09:30:00,76.0,76.0,75.2,75.6,20917.0
2024-09-13 13:30:00,75.6,76.0,75.2,75.2,14200.0
2024-09-18 09:30:00,77.4,77.4,75.5,75.9,153979.0
2024-09-18 13:30:00,75.9,76.0,75.8,76.0,42110.0
2024-09-19 09:30:00,77.4,81.5,76.5,78.0,30795.0
2024-09-19 13:30:00,78.0,78.0,78.0,78.0,7582.0
2024-09-20 09:30:00,80.0,81.2,77.0,80.0,24949.0
2024-09-20 13:30:00,80.0,80.0,78.0,78.0,5127.0
2024-09-23 09:30:00,78.0,85.0,76.9,80.0,11667.0
2024-09-23 13:30:00,83.5,83.5,80.1,82.9,11369.0
2024-09-24 09:30:00,83.0,84.0,80.0,84.0,25937.0
2024-09-24 13:30:00,84.0,85.0,82.5,83.0,31985.0
2024-09-25 09:30:00,84.5,85.3,83.0,85.2,65971.0
2024-09-25 13:30:00,85.0,85.2,85.0,85.2,65921.0
2024-09-26 09:30:00,85.5,87.0,85.0,85.0,221152.0
2024-09-26 13:30:00,85.0,85.0,85.0,85.0,3485.0
2024-09-27 09:30:00,85.4,85.4,82.0,85.0,44955.0
2024-09-27 13:30:00,83.7,84.5,83.7,84.5,3296.0
2024-09-30 09:30:00,84.5,85.4,83.6,85.0,173153.0
2024-09-30 13:30:00,85.1,85.2,85.0,85.2,75959.0
2024-10-01 09:30:00,85.0,85.4,84.4,85.2,117680.0
2024-10-01 13:30:00,85.4,85.8,85.0,85.5,17986.0
2024-10-02 09:30:00,85.4,85.5,85.0,85.3,24660.0
2024-10-02 13:30:00,85.3,85.3,85.0,85.1,81900.0
2024-10-03 09:30:00,85.0,85.9,84.5,85.0,16708.0
2024-10-03 13:30:00,85.0,86.0,85.0,85.0,3949.0
2024-10-04 09:30:00,85.0,87.0,85.0,86.9,67541.0
2024-10-04 13:30:00,86.9,86.9,86.4,86.4,10729.0
2024-10-07 09:30:00,87.0,88.2,86.8,88.0,93271.0
2024-10-07 13:30:00,87.9,87.9,87.9,87.9,401.0
2024-10-08 09:30:00,88.0,88.1,86.9,86.9,11229.0
2024-10-08 13:30:00,88.0,88.0,88.0,88.0,150.0
2024-10-09 09:30:00,87.1,88.5,87.0,87.5,154001.0
2024-10-09 13:30:00,88.5,88.6,88.4,88.6,20019.0
2024-10-10 09:30:00,88.5,88.5,87.2,87.9,42352.0
2024-10-10 13:30:00,87.5,88.5,87.5,88.5,63310.0
2024-10-11 09:30:00,88.4,89.5,88.2,89.3,274560.0
2024-10-11 13:30:00,89.0,89.2,89.0,89.2,23822.0
2024-10-14 09:30:00,89.0,89.4,88.0,89.0,51048.0
2024-10-14 13:30:00,89.0,89.3,89.0,89.3,8585.0
2024-10-15 09:30:00,88.5,90.5,88.5,90.1,258710.0
2024-10-15 13:30:00,90.0,90.1,90.0,90.0,270956.0
2024-10-16 09:30:00,90.1,90.5,90.0,90.5,69690.0
2024-10-16 13:30:00,89.9,90.0,89.9,90.0,3225.0
2024-10-18 09:30:00,90.1,90.3,89.5,90.0,17931.0
2024-10-18 13:30:00,90.0,90.0,89.8,89.8,27920.0
2024-10-21 09:30:00,89.9,90.5,89.0,90.0,323435.0
2024-10-21 13:30:00,89.6,90.0,89.1,90.0,28639.0
2024-10-22 09:30:00,90.2,90.2,89.5,90.0,443883.0
2024-10-22 13:30:00,90.0,90.4,90.0,90.4,2046.0
2024-10-23 09:30:00,90.4,90.4,89.6,89.9,115963.0
2024-10-23 13:30:00,89.7,90.0,89.7,90.0,49984.0
2024-10-24 09:30:00,90.0,90.4,90.0,90.3,197502.0
2024-10-24 13:30:00,90.4,90.5,90.4,90.5,2186.0
2024-10-25 09:30:00,90.5,91.5,90.1,91.0,126316.0
2024-10-25 13:30:00,90.2,91.0,90.1,91.0,4205.0
2024-10-28 09:30:00,90.8,91.0,90.8,91.0,39009.0
2024-10-28 13:30:00,91.0,91.5,91.0,91.2,9501.0
2024-10-29 09:30:00,92.0,93.1,92.0,93.0,358852.0
2024-10-29 13:30:00,93.1,93.3,93.0,93.3,19700.0
2024-10-30 09:30:00,93.0,96.2,93.0,96.0,379158.0
2024-10-30 13:30:00,95.9,96.0,95.1,96.0,73627.0
2024-11-01 09:30:00,96.0,99.3,96.0,98.0,192676.0
2024-11-01 13:30:00,99.0,99.7,98.2,99.6,54080.0
2024-11-04 09:30:00,99.6,104.5,99.5,104.0,900608.0
2024-11-04 13:30:00,104.0,105.0,104.0,104.0,82720.0
2024-11-05 09:30:00,105.0,105.0,102.75,103.0,172238.0
2024-11-05 13:30:00,102.75,102.75,100.0,100.0,38819.0
2024-11-06 09:30:00,101.0,102.0,99.5,100.5,125899.0
2024-11-06 13:30:00,100.5,101.0,100.5,101.0,712.0
2024-11-07 09:30:00,99.9,103.5,99.9,101.0,60999.0
2024-11-07 13:30:00,101.25,103.0,100.75,100.75,20750.0
2024-11-08 09:30:00,102.5,103.0,100.0,102.5,22518.0
2024-11-08 13:30:00,101.5,102.0,101.5,102.0,17853.0
2024-11-11 09:30:00,103.0,104.5,100.0,104.0,237155.0
2024-11-11 13:30:00,104.0,104.5,104.0,104.5,59124.0
2024-11-12 09:30:00,104.0,105.0,103.5,105.0,318866.0
2024-11-12 13:30:00,105.0,105.5,105.0,105.0,86290.0
2024-11-13 09:30:00,105.5,107.5,105.0,107.25,447551.0
2024-11-13 13:30:00,107.25,107.5,107.0,107.0,193521.0
2024-11-14 09:30:00,107.25,110.0,107.25,108.0,445638.0
2024-11-18 09:30:00,110.0,112.5,109.0,109.0,342684.0
2024-11-18 13:30:00,109.0,109.0,108.75,108.75,525.0
2024-11-19 09:30:00,109.0,110.0,109.0,109.25,1324982.0
2024-11-19 13:30:00,109.25,110.0,109.25,109.5,18329.0
2024-11-20 09:30:00,109.25,110.0,107.0,109.0,10283.0
2024-11-20 13:30:00,109.0,109.5,109.0,109.0,105731.0
2024-11-21 09:30:00,108.5,108.5,106.5,107.75,52943.0
2024-11-21 13:30:00,107.25,108.0,107.0,107.25,107153.0
2024-11-22 09:30:00,106.5,110.0,106.5,109.5,121830.0
2024-11-22 13:30:00,109.5,109.5,108.25,108.25,22126.0
2024-11-25 09:30:00,109.5,109.5,106.75,107.25,16081.0
2024-11-25 13:30:00,107.5,108.0,107.25,108.0,48472.0
2024-11-26 09:30:00,107.0,109.5,107.0,108.75,32546.0
2024-11-26 13:30:00,108.5,108.75,107.75,108.5,12624.0
2024-11-27 09:30:00,108.0,108.0,103.25,105.0,16848.0
2024-11-27 13:30:00,106.5,106.5,106.5,106.5,1000.0
2024-11-28 09:30:00,104.25,107.0,104.25,105.75,5493.0
2024-11-28 13:30:00,105.75,105.75,105.5,105.5,1126.0
2024-11-29 09:30:00,105.25,106.0,104.25,105.25,17013.0
2024-11-29 13:30:00,105.25,105.75,104.5,105.75,13927.0
2024-12-02 09:30:00,105.0,105.5,104.5,105.0,10042.0
2024-12-02 13:30:00,105.0,105.5,104.0,105.0,3744.0
2024-12-03 09:30:00,104.0,105.5,104.0,105.0,33991.0
2024-12-03 13:30:00,105.0,105.5,105.0,105.0,21904.0
2024-12-04 09:30:00,105.0,106.0,104.25,105.0,8568.0
2024-12-04 13:30:00,105.5,105.5,104.0,104.75,23413.0
2024-12-05 09:30:00,104.75,107.0,104.75,106.25,127112.0
2024-12-05 13:30:00,106.5,106.5,106.0,106.5,10563.0
2024-12-06 09:30:00,106.0,107.0,106.0,107.0,119191.0
2024-12-06 13:30:00,107.0,107.0,105.0,106.75,1526874.0
2024-12-09 09:30:00,106.0,107.5,106.0,106.5,411297.0
2024-12-09 13:30:00,107.0,107.0,106.5,107.0,7905.0
2024-12-10 09:30:00,107.0,107.0,103.25,105.5,110055.0
2024-12-10 13:30:00,105.5,106.5,105.5,106.0,2087.0
2024-12-11 09:30:00,106.0,108.25,106.0,108.0,164290.0
2024-12-11 13:30:00,108.0,108.25,107.25,108.0,208173.0
2024-12-12 09:30:00,107.75,109.5,107.0,108.25,150443.0
2024-12-12 13:30:00,108.25,109.5,108.25,109.5,5249.0
2024-12-13 09:30:00,109.5,112.75,109.5,112.0,401024.0
2024-12-13 13:30:00,112.0,112.75,111.5,112.75,210052.0
2024-12-16 09:30:00,113.0,114.0,112.25,113.0,451969.0
2024-12-16 13:30:00,112.5,113.5,112.0,113.5,115087.0
2024-12-17 09:30:00,113.75,114.0,112.5,113.5,231408.0
2024-12-17 13:30:00,113.0,113.5,112.5,113.0,97455.0
2024-12-18 09:30:00,113.75,113.75,113.0,113.5,379769.0
2024-12-18 13:30:00,113.5,113.75,113.0,113.5,691049.0
2024-12-19 09:30:00,113.5,114.0,113.5,113.75,231636.0
2024-12-19 13:30:00,113.75,114.0,113.75,114.0,301959.0
2024-12-20 09:30:00,113.75,117.0,113.75,116.0,299057.0
2024-12-20 13:30:00,116.0,116.0,115.5,115.5,2121.0
2024-12-23 09:30:00,115.75,118.75,115.0,118.0,147203.0
2024-12-23 13:30:00,118.0,118.0,118.0,118.0,28782.0
2024-12-24 09:30:00,118.0,118.25,117.25,118.25,128263.0
2024-12-24 13:30:00,118.0,118.0,118.0,118.0,45000.0
2024-12-26 09:30:00,118.75,118.75,117.75,118.0,229122.0
2024-12-26 13:30:00,118.0,118.75,118.0,118.75,48503.0
2024-12-27 09:30:00,118.75,119.25,117.5,119.25,103989.0
2024-12-27 13:30:00,119.5,120.5,119.25,120.0,292673.0
2024-12-30 09:30:00,120.0,124.0,120.0,120.0,216560.0
2024-12-30 13:30:00,120.5,122.5,120.25,122.5,11119.0
2024-12-31 09:30:00,122.0,125.0,120.5,122.5,141152.0
2024-12-31 13:30:00,122.0,123.0,122.0,123.0,89121.0
2025-01-02 09:30:00,123.0,128.0,122.0,127.0,578033.0
2025-01-02 13:30:00,127.0,127.0,124.5,125.0,491550.0
2025-01-03 09:30:00,126.5,127.0,125.25,126.0,284733.0
2025-01-03 13:30:00,125.25,125.25,122.0,123.0,332594.0
2025-01-06 09:30:00,123.0,125.0,120.5,122.0,646109.0
2025-01-06 13:30:00,122.25,123.25,122.25,123.0,772330.0
2025-01-07 09:30:00,120.5,124.0,118.0,123.0,241265.0
2025-01-07 13:30:00,123.0,123.75,123.0,123.5,151705.0
2025-01-08 09:30:00,123.5,127.0,123.0,126.0,351516.0
2025-01-08 13:30:00,126.0,126.0,124.5,124.5,83193.0
2025-01-09 09:30:00,125.0,125.0,123.5,123.75,323292.0
2025-01-09 13:30:00,123.5,123.5,122.0,122.0,6872.0
2025-01-10 09:30:00,122.25,123.0,120.0,121.25,189529.0
2025-01-10 13:30:00,121.0,123.0,121.0,123.0,64284.0
2025-01-15 09:30:00,122.0,122.5,121.75,121.75,4604.0
2025-01-15 13:30:00,122.0,122.25,121.75,121.75,1124.0
2025-01-16 09:30:00,122.5,123.5,122.5,122.5,114342.0
2025-01-16 13:30:00,122.5,122.5,122.0,122.0,6090.0
2025-01-17 09:30:00,122.0,123.0,121.0,122.0,1645465.0
2025-01-17 13:30:00,122.0,122.0,120.25,122.0,141798.0
2025-01-20 09:30:00,121.0,122.5,120.5,122.0,63772.0
2025-01-20 13:30:00,122.0,122.0,121.0,122.0,101355.0
2025-01-21 09:30:00,121.75,122.0,121.0,122.0,68499.0
2025-01-21 13:30:00,122.0,124.0,122.0,124.0,61244.0
2025-01-22 09:30:00,124.25,124.5,121.0,124.0,37746.0
2025-01-22 13:30:00,124.0,124.0,123.0,123.0,2530.0
2025-01-23 09:30:00,124.0,124.0,121.5,123.75,433898.0
2025-01-23 13:30:00,123.25,124.75,123.25,124.0,655107.0
2025-01-24 09:30:00,124.5,129.75,123.5,129.0,943812.0
2025-01-24 13:30:00,129.0,129.0,127.25,127.75,121248.0
2025-01-27 09:30:00,128.0,134.5,128.0,134.5,516430.0
2025-01-27 13:30:00,134.75,140.0,134.75,137.5,116534.0
2025-01-28 09:30:00,137.0,137.0,135.0,136.75,18796.0
2025-01-28 13:30:00,136.75,137.0,136.25,137.0,57705.0
2025-01-29 09:30:00,137.0,137.0,133.0,134.0,175341.0
2025-01-29 13:30:00,133.0,134.0,133.0,134.0,6000.0
2025-01-30 09:30:00,133.0,135.0,132.0,132.0,214642.0
2025-01-30 13:30:00,132.5,133.0,131.5,131.5,2959.0
2025-01-31 09:30:00,134.0,134.0,131.25,131.25,257157.0
2025-01-31 13:30:00,131.0,131.25,131.0,131.25,1000.0
2025-02-03 09:30:00,130.5,133.75,126.25,131.25,59015.0
2025-02-03 13:30:00,131.0,131.25,130.0,130.5,14671.0
2025-02-05 09:30:00,127.5,127.5,124.5,126.5,344559.0
2025-02-05 13:30:00,125.0,125.5,124.0,124.0,85640.0
2025-02-06 09:30:00,124.0,126.0,123.0,125.0,849896.0
2025-02-06 13:30:00,125.0,126.75,124.0,126.0,304958.0
2025-02-07 09:30:00,126.0,130.0,125.0,129.5,617568.0
2025-02-07 13:30:00,129.0,130.25,129.0,130.25,60646.0
2025-02-10 09:30:00,130.25,131.0,129.0,129.0,632317.0
2025-02-10 13:30:00,130.0,130.0,129.25,130.0,89518.0
2025-02-11 09:30:00,130.0,130.0,125.25,126.0,174465.0
2025-02-11 13:30:00,127.0,127.0,126.25,127.0,233893.0
2025-02-13 09:30:00,126.25,127.0,126.25,127.0,102727.0
2025-02-13 13:30:00,127.0,127.0,127.0,127.0,100.0
2025-02-14 09:30:00,127.75,132.0,127.25,131.5,742092.0
2025-02-14 13:30:00,131.5,134.25,131.5,132.0,425123.0
2025-02-17 09:30:00,134.5,134.5,129.0,134.0,29274.0
2025-02-17 13:30:00,134.5,140.0,134.0,135.25,66424.0
2025-02-18 09:30:00,140.0,143.0,138.0,139.75,336575.0
2025-02-18 13:30:00,140.5,140.5,140.0,140.5,25955.0
2025-02-19 09:30:00,141.75,142.0,139.5,141.75,203621.0
2025-02-19 13:30:00,141.75,141.75,140.0,140.0,37267.0
2025-02-20 09:30:00,140.0,141.0,135.25,139.0,92711.0
2025-02-20 13:30:00,138.0,139.0,137.25,138.0,26248.0
2025-02-21 09:30:00,139.0,140.0,139.0,139.75,209203.0
2025-02-21 13:30:00,139.0,140.0,139.0,140.0,15044.0
2025-02-24 09:30:00,140.0,140.0,138.0,138.5,292697.0
2025-02-24 13:30:00,138.5,139.0,138.5,139.0,205.0
2025-02-25 09:30:00,140.0,140.0,135.0,135.0,452747.0
2025-02-25 13:30:00,135.0,135.25,135.0,135.25,13736.0
2025-02-27 09:30:00,134.75,135.0,131.5,132.5,18669.0
2025-02-27 13:30:00,132.5,135.0,132.5,133.25,32977.0
2025-02-28 09:30:00,132.75,134.0,132.0,132.0,318371.0
2025-02-28 13:30:00,132.75,133.0,132.25,132.25,5346.0
2025-03-03 09:30:00,134.75,134.75,130.0,130.0,4120.0
2025-03-03 13:30:00,130.0,130.0,129.0,129.0,121477.0
2025-03-04 09:30:00,129.0,129.0,127.0,128.0,39439.0
2025-03-04 13:30:00,128.0,129.0,128.0,128.0,135911.0
2025-03-05 09:30:00,128.0,131.25,127.75,130.0,20536.0
2025-03-05 13:30:00,130.0,130.0,129.75,129.75,15042.0
2025-03-06 09:30:00,130.0,131.5,130.0,130.25,766.0
2025-03-06 13:30:00,130.25,130.25,128.0,128.0,6925.0
2025-03-07 09:30:00,132.0,132.0,128.0,129.0,494405.0
2025-03-07 13:30:00,130.0,132.0,130.0,132.0,87807.0
2025-03-10 09:30:00,130.75,130.75,128.0,130.0,103218.0
2025-03-10 13:30:00,129.5,129.5,128.0,128.0,4061.0
2025-03-11 09:30:00,129.25,129.25,127.0,127.75,558200.0
2025-03-11 13:30:00,127.0,128.0,127.0,128.0,60882.0
2025-03-12 09:30:00,128.0,129.0,127.0,129.0,141227.0
2025-03-12 13:30:00,128.5,129.0,128.5,129.0,1283.0
2025-03-14 09:30:00,129.0,130.0,129.0,130.0,920.0
2025-03-14 13:30:00,129.25,129.25,129.25,129.25,128.0
2025-03-17 09:30:00,129.5,129.5,126.5,126.5,3156.0
2025-03-17 13:30:00,127.5,127.5,125.0,126.0,30021.0
2025-03-18 09:30:00,125.0,125.0,123.0,123.0,42902.0
2025-03-18 13:30:00,123.75,124.0,123.0,123.0,32764.0
2025-03-19 09:30:00,123.0,126.0,123.0,123.5,12075.0
2025-03-19 13:30:00,124.75,124.75,123.5,124.75,116.0
2025-03-20 09:30:00,125.0,127.0,125.0,127.0,8227.0
2025-03-20 13:30:00,127.0,127.0,127.0,127.0,8277.0
2025-03-21 09:30:00,125.0,129.0,125.0,129.0,14079.0
2025-03-21 13:30:00,130.0,130.0,130.0,130.0,93.0
2025-03-24 09:30:00,130.0,130.0,127.0,127.0,12181.0
2025-03-24 13:30:00,128.0,129.0,127.0,128.0,99236.0
2025-03-25 09:30:00,128.0,128.0,127.0,128.0,650.0
2025-03-26 09:30:00,129.75,130.0,126.0,129.75,4549.0
2025-03-26 13:30:00,129.5,129.5,128.75,129.0,379.0
2025-03-27 09:30:00,129.75,129.75,127.0,129.5,4848.0
2025-03-27 13:30:00,129.25,129.25,127.25,129.25,299.0
2025-03-28 09:30:00,129.75,129.75,125.0,127.0,11858.0
2025-03-28 13:30:00,127.0,127.0,127.0,127.0,773.0
2025-04-01 09:30:00,129.5,132.5,129.0,130.25,41122.0
2025-04-01 13:30:00,132.0,132.5,132.0,132.5,7819.0
2025-04-02 09:30:00,134.0,135.0,132.5,132.75,163531.0
2025-04-02 13:30:00,133.0,133.0,132.5,132.5,74196.0
2025-04-03 09:30:00,132.0,132.0,127.0,129.5,33075.0
2025-04-03 13:30:00,128.75,128.75,128.0,128.5,21625.0
2025-04-04 09:30:00,128.0,128.0,125.25,127.5,53412.0
2025-04-04 13:30:00,127.5,127.5,127.0,127.5,7362.0
2025-04-07 09:30:00,125.25,125.25,117.5,121.0,107471.0
2025-04-07 13:30:00,122.0,122.0,119.5,120.0,85958.0
2025-04-08 09:30:00,120.25,125.75,120.25,124.0,39385.0
2025-04-08 13:30:00,123.75,124.5,123.75,124.5,22385.0
2025-04-09 09:30:00,123.25,125.75,123.0,124.0,6958.0
2025-04-09 13:30:00,124.0,124.0,123.0,123.0,27979.0
2025-04-10 09:30:00,125.0,140.0,125.0,130.0,398492.0
2025-04-10 13:30:00,129.25,129.75,129.0,129.0,21300.0
2025-04-11 09:30:00,129.0,129.0,126.5,128.75,906.0
2025-04-11 13:30:00,128.5,128.75,128.25,128.75,111.0
2025-04-16 09:30:00,129.0,129.0,128.5,129.0,11611.0
2025-04-16 13:30:00,128.5,129.0,128.5,129.0,122.0
2025-04-17 09:30:00,129.0,129.0,126.0,128.25,18340.0
2025-04-17 13:30:00,128.25,128.25,128.0,128.25,3554.0
2025-04-21 09:30:00,128.25,128.5,126.25,126.5,9791.0
2025-04-21 13:30:00,126.5,127.75,126.25,127.75,4125.0
2025-04-22 09:30:00,128.0,128.0,126.0,128.0,51562.0
2025-04-22 13:30:00,127.75,128.5,127.0,128.5,1723.0
2025-04-23 09:30:00,128.5,128.5,127.0,127.0,4205.0
2025-04-23 13:30:00,127.0,127.0,126.0,126.0,703.0
2025-04-24 09:30:00,126.5,127.5,126.5,127.0,421.0
2025-04-24 13:30:00,127.5,127.5,127.5,127.5,305.0
2025-04-25 09:30:00,128.0,128.5,127.5,128.5,12315.0
2025-04-25 13:30:00,128.5,128.5,128.5,128.5,428.0
2025-04-28 09:30:00,129.0,129.0,128.5,129.0,14012.0
2025-04-29 09:30:00,129.0,131.0,129.0,129.0,132726.0
2025-04-29 13:30:00,128.75,128.75,128.0,128.25,1699.0
2025-04-30 09:30:00,128.25,131.0,128.0,130.0,77805.0
2025-04-30 13:30:00,130.0,132.25,130.0,132.25,77065.0
2025-05-02 09:30:00,131.5,132.75,131.25,132.75,10952.0
2025-05-02 13:30:00,132.75,132.75,131.75,131.75,114.0
2025-05-05 09:30:00,132.25,132.75,132.0,132.75,84603.0
2025-05-05 13:30:00,132.0,132.0,132.0,132.0,22511.0
2025-05-06 09:30:00,132.0,134.0,132.0,133.5,10873.0
2025-05-07 09:30:00,134.0,134.0,133.0,133.0,3238.0
2025-05-07 13:30:00,133.0,133.5,133.0,133.0,12023.0
2025-05-08 09:30:00,134.0,134.75,133.0,134.25,374444.0
2025-05-08 13:30:00,134.5,134.5,134.0,134.0,90.0
2025-05-09 09:30:00,134.75,135.0,134.75,134.75,15153.0
2025-05-09 13:30:00,134.75,135.0,134.75,134.75,1170.0
2025-05-14 09:30:00,135.0,138.5,134.0,135.5,17048.0
2025-05-14 13:30:00,135.5,137.75,135.5,137.75,1077.0
2025-05-15 09:30:00,137.75,141.0,137.75,140.0,190141.0
2025-05-15 13:30:00,140.0,140.75,140.0,140.75,44599.0
2025-05-16 09:30:00,141.0,143.0,140.0,140.75,46179.0
2025-05-16 13:30:00,140.0,140.75,140.0,140.75,21118.0
2025-05-19 09:30:00,141.25,142.0,140.75,141.5,27815.0
2025-05-19 13:30:00,140.75,141.0,140.75,140.75,5024.0
2025-05-20 09:30:00,141.0,141.0,140.0,140.0,132445.0
2025-05-20 13:30:00,140.25,140.5,140.25,140.5,276.0
2025-05-21 09:30:00,140.0,140.5,140.0,140.5,45282.0
2025-05-21 13:30:00,140.25,140.5,140.0,140.0,251.0
2025-05-22 09:30:00,140.0,148.0,140.0,144.0,114988.0
2025-05-22 13:30:00,145.0,145.0,144.25,145.0,2833.0
2025-05-23 09:30:00,145.0,147.0,144.5,145.0,566224.0
2025-05-23 13:30:00,145.0,145.5,144.5,145.0,292450.0
2025-05-26 09:30:00,146.0,146.0,143.25,145.0,175294.0
2025-05-26 13:30:00,145.0,145.75,145.0,145.75,3179.0
2025-05-27 09:30:00,145.0,148.0,145.0,148.0,56022.0
2025-05-27 13:30:00,147.75,148.0,146.0,146.0,326.0
2025-05-28 09:30:00,148.0,148.75,145.25,145.25,251987.0
2025-05-28 13:30:00,146.0,147.5,145.5,147.5,8638.0
2025-05-29 09:30:00,147.5,148.5,145.75,148.0,63592.0
2025-05-29 13:30:00,148.0,148.0,147.0,147.0,4450.0
2025-05-30 09:30:00,148.0,149.0,145.5,148.5,83061.0
2025-05-30 13:30:00,148.5,148.75,148.25,148.25,38171.0
2025-06-02 09:30:00,149.0,149.0,146.0,146.0,165276.0
2025-06-02 13:30:00,148.0,148.0,146.0,147.0,13933.0
2025-06-03 09:30:00,146.0,147.25,145.0,147.25,246524.0
2025-06-03 13:30:00,146.25,147.5,146.0,147.5,47514.0
2025-06-04 09:30:00,147.0,148.0,146.5,147.0,29623.0
2025-06-04 13:30:00,146.5,147.0,145.0,145.5,6985.0
2025-06-05 09:30:00,145.5,147.0,145.25,146.0,58277.0
2025-06-05 13:30:00,146.0,146.0,145.25,145.5,46899.0
2025-06-06 09:30:00,145.5,146.5,145.0,145.5,307721.0
2025-06-06 13:30:00,145.5,146.0,145.25,146.0,153.0
2025-06-09 09:30:00,146.0,146.0,144.25,144.75,7170.0
2025-06-09 13:30:00,144.75,144.75,144.25,144.5,1313.0
2025-06-11 09:30:00,146.0,146.5,145.0,146.0,293326.0
2025-06-11 13:30:00,146.0,146.25,145.75,146.25,14868.0
2025-06-12 09:30:00,146.0,146.5,144.75,146.5,80893.0
2025-06-12 13:30:00,146.0,146.0,145.75,145.75,101.0
2025-06-13 09:30:00,144.0,144.0,140.0,143.0,142115.0
2025-06-13 13:30:00,142.75,144.0,142.5,143.0,40563.0
2025-06-16 09:30:00,141.0,145.0,135.0,144.0,306382.0
2025-06-16 13:30:00,144.0,144.0,143.0,143.0,20073.0
2025-06-17 09:30:00,141.5,145.75,141.5,145.0,471651.0
2025-06-17 13:30:00,144.75,144.75,144.0,144.75,1211.0
2025-06-18 09:30:00,142.5,144.5,142.5,143.25,149738.0
2025-06-18 13:30:00,143.25,144.0,143.25,144.0,9366.0
2025-06-19 09:30:00,142.75,144.0,142.0,142.75,90785.0
2025-06-19 13:30:00,142.75,143.0,142.0,143.0,192684.0
2025-06-20 09:30:00,144.25,144.25,142.0,142.5,16459.0
2025-06-20 13:30:00,142.5,142.75,142.5,142.75,1200.0
2025-06-23 09:30:00,140.0,142.0,139.25,139.5,239069.0
2025-06-23 13:30:00,139.25,140.0,139.25,139.25,16671.0
2025-06-24 09:30:00,141.0,144.5,141.0,143.0,162146.0
2025-06-24 13:30:00,143.75,144.0,143.0,143.75,33018.0
2025-06-25 09:30:00,144.0,146.0,144.0,145.75,426008.0
2025-06-25 13:30:00,145.75,145.75,145.25,145.75,2188.0
2025-06-26 09:30:00,145.75,146.0,145.0,146.0,183871.0
2025-06-26 13:30:00,146.0,146.0,145.75,146.0,3066.0
2025-06-27 09:30:00,146.0,147.0,145.0,146.75,22414.0
2025-06-27 13:30:00,146.25,147.0,146.0,147.0,69848.0
2025-06-30 09:30:00,146.5,146.5,146.0,146.25,15892.0
2025-06-30 13:30:00,146.5,146.5,146.0,146.0,4257.0
2025-07-01 09:30:00,146.5,147.0,146.5,147.0,15145.0
2025-07-01 13:30:00,146.75,147.0,146.5,147.0,723.0
2025-07-02 09:30:00,147.0,147.75,147.0,147.75,25390.0
2025-07-02 13:30:00,148.0,148.0,147.5,148.0,3559.0
2025-07-03 09:30:00,147.5,148.0,145.0,148.0,84609.0
2025-07-03 13:30:00,147.0,148.0,147.0,147.75,1087.0
2025-07-04 09:30:00,148.5,149.75,146.0,149.75,68830.0
2025-07-04 13:30:00,149.75,150.0,148.5,149.75,100079.0
2025-07-07 09:30:00,149.25,149.75,146.0,147.5,18676.0
2025-07-07 13:30:00,147.25,147.5,147.0,147.5,402899.0
2025-07-08 09:30:00,146.0,149.0,146.0,146.0,12264.0
2025-07-08 13:30:00,148.5,148.5,145.75,145.75,89.0
2025-07-09 09:30:00,145.0,148.5,145.0,148.0,51591.0
2025-07-09 13:30:00,147.75,148.0,147.0,147.0,1581.0
2025-07-11 09:30:00,148.0,148.0,147.0,148.0,62025.0
2025-07-11 13:30:00,148.0,148.75,147.5,148.75,45517.0
2025-07-14 09:30:00,149.0,154.0,147.75,154.0,185339.0
2025-07-14 13:30:00,154.0,154.0,153.0,154.0,7879.0
2025-07-15 09:30:00,155.0,155.0,152.0,152.25,25723.0
2025-07-15 13:30:00,152.5,154.0,152.25,153.0,13986.0
2025-07-16 09:30:00,153.0,153.5,152.0,152.25,856.0
2025-07-16 13:30:00,152.25,152.25,151.0,151.0,8324.0
2025-07-17 09:30:00,151.0,151.0,148.0,150.0,39422.0
2025-07-17 13:30:00,150.0,150.0,148.5,148.75,653.0
2025-07-18 09:30:00,149.5,151.0,149.0,149.25,3109.0
2025-07-18 13:30:00,149.0,150.0,149.0,150.0,44769.0
2025-07-21 09:30:00,150.0,151.0,149.0,149.75,28958.0
2025-07-21 13:30:00,149.75,150.0,149.25,149.5,1187.0
2025-07-22 09:30:00,150.0,150.0,148.0,148.75,11783.0
2025-07-22 13:30:00,148.75,148.75,148.0,148.25,816.0
2025-07-23 09:30:00,148.75,149.5,148.25,148.5,56799.0
2025-07-23 13:30:00,148.5,148.75,148.5,148.75,6416.0
2025-07-24 09:30:00,148.5,149.0,148.5,149.0,80586.0
2025-07-24 13:30:00,149.75,149.75,149.0,149.5,5104.0
2025-07-25 09:30:00,149.5,151.5,149.0,150.0,48242.0
2025-07-25 13:30:00,150.0,151.25,150.0,150.5,8125.0
2025-07-28 09:30:00,152.0,154.0,150.75,153.25,34183.0
2025-07-28 13:30:00,153.25,153.25,151.0,152.0,110026.0
2025-07-29 09:30:00,152.0,153.75,152.0,153.5,35495.0
2025-07-29 13:30:00,153.5,155.5,153.0,155.0,495082.0
2025-07-30 09:30:00,155.5,163.0,155.0,160.0,204062.0
2025-07-30 13:30:00,160.0,160.0,159.5,159.5,28183.0
2025-07-31 09:30:00,159.0,162.0,158.5,159.75,251884.0
2025-07-31 13:30:00,158.75,159.0,158.5,159.0,13344.0
2025-08-01 09:30:00,159.0,160.0,158.0,159.0,36002.0
2025-08-01 13:30:00,159.0,159.5,159.0,159.5,56534.0
2025-08-04 09:30:00,160.0,160.0,155.0,157.75,103229.0
2025-08-04 13:30:00,156.25,157.75,156.25,156.5,6881.0
2025-08-05 09:30:00,154.25,160.0,154.25,156.0,97406.0
2025-08-05 13:30:00,156.0,156.0,155.0,156.0,27681.0
2025-08-06 09:30:00,158.5,159.0,157.0,157.75,28968.0
2025-08-06 13:30:00,157.0,157.0,156.5,157.0,215594.0
2025-08-07 09:30:00,157.0,159.75,156.5,158.5,25201.0
2025-08-07 13:30:00,158.25,158.25,156.75,156.75,4196.0
2025-08-11 09:30:00,158.0,158.5,157.5,158.0,280695.0
2025-08-11 13:30:00,158.5,158.5,158.0,158.0,62878.0
2025-08-12 09:30:00,158.5,158.5,156.5,158.0,21430.0
2025-08-12 13:30:00,158.5,158.5,158.0,158.0,10168.0
2025-08-13 09:30:00,158.5,159.0,158.0,158.0,24411.0
2025-08-13 13:30:00,158.0,158.5,158.0,158.5,3707.0
2025-08-14 09:30:00,159.0,159.0,158.0,158.0,7194.0
2025-08-14 13:30:00,158.25,158.5,158.0,158.0,12233.0
2025-08-15 09:30:00,158.0,160.5,157.5,160.0,56513.0
2025-08-15 13:30:00,159.75,161.0,159.75,160.0,129927.0
2025-08-18 09:30:00,161.0,165.0,160.0,165.0,502005.0
2025-08-18 13:30:00,165.5,165.5,165.0,165.0,28681.0
2025-08-19 09:30:00,165.0,165.25,164.5,164.5,32255.0
2025-08-19 13:30:00,164.5,164.5,163.0,163.0,5502.0
2025-08-20 09:30:00,163.0,164.0,163.0,163.75,73318.0
2025-08-20 13:30:00,163.75,165.0,163.75,164.0,4775.0
2025-08-21 09:30:00,164.0,165.0,163.5,163.5,6276.0
2025-08-21 13:30:00,164.0,164.0,164.0,164.0,2172.0
2025-08-22 09:30:00,165.0,165.0,163.0,164.0,83394.0
2025-08-22 13:30:00,163.5,164.0,162.0,162.0,138457.0
2025-08-25 09:30:00,162.0,164.75,160.0,163.0,38814.0
2025-08-25 13:30:00,163.0,163.0,161.0,162.75,389.0
2025-08-26 09:30:00,162.75,163.0,161.5,162.75,3102.0
2025-08-26 13:30:00,162.0,162.5,162.0,162.0,7805.0
2025-08-27 09:30:00,162.75,164.75,162.25,163.0,25534.0
2025-08-27 13:30:00,163.0,163.0,162.0,162.0,4864.0
2025-08-28 09:30:00,162.5,164.0,161.0,161.25,5913.0
2025-08-28 13:30:00,162.5,163.0,162.5,163.0,6386.0
2025-08-29 09:30:00,163.5,163.5,160.75,162.75,13605.0
2025-08-29 13:30:00,162.25,163.0,162.25,163.0,5571.0
2025-09-01 09:30:00,163.0,165.0,162.75,165.0,153700.0
2025-09-01 13:30:00,164.75,164.75,163.0,163.0,525.0
2025-09-02 09:30:00,163.0,165.0,163.0,164.5,44747.0
2025-09-02 13:30:00,164.5,164.5,164.0,164.5,2556.0
2025-09-03 09:30:00,164.0,165.0,163.5,164.0,39466.0
2025-09-03 13:30:00,164.0,165.0,164.0,165.0,154536.0
2025-09-04 09:30:00,165.25,165.25,165.0,165.25,30301.0
2025-09-04 13:30:00,165.0,165.25,165.0,165.0,20309.0
2025-09-08 09:30:00,164.75,165.25,164.5,164.75,40813.0
2025-09-09 09:30:00,164.75,164.75,163.5,164.0,196898.0
2025-09-09 13:30:00,164.0,164.0,163.5,163.5,1144.0
2025-09-10 09:30:00,163.5,163.5,162.0,163.25,31506.0
2025-09-10 13:30:00,163.25,163.25,162.75,162.75,67.0
2025-09-11 09:30:00,163.5,164.5,162.0,162.5,26362.0
2025-09-11 13:30:00,162.5,162.5,160.25,160.25,7256.0
2025-09-12 09:30:00,161.25,161.25,159.5,159.5,10206.0
2025-09-12 13:30:00,159.5,159.5,159.0,159.0,4729.0
2025-09-15 09:30:00,159.0,159.0,157.0,159.0,6969.0
2025-09-15 13:30:00,159.0,159.0,156.5,156.5,1156.0
2025-09-16 09:30:00,159.0,159.0,155.25,155.25,9282.0
2025-09-16 13:30:00,155.25,156.5,155.0,155.25,2868.0
2025-09-17 09:30:00,158.0,158.0,157.5,158.0,5883.0
2025-09-17 13:30:00,158.0,158.0,157.5,158.0,16086.0
2025-09-18 09:30:00,159.0,159.5,157.75,158.5,9409.0
2025-09-18 13:30:00,159.0,159.75,159.0,159.75,2945.0
2025-09-19 09:30:00,160.0,162.25,159.25,161.0,66543.0
2025-09-19 13:30:00,162.75,162.75,161.0,161.0,2216.0
2025-09-22 09:30:00,162.5,162.75,161.5,161.5,4119.0
2025-09-22 13:30:00,162.75,162.75,162.75,162.75,42.0
2025-09-23 09:30:00,162.75,162.75,161.0,161.5,44088.0
2025-09-23 13:30:00,161.5,162.75,161.5,162.75,6678.0
2025-09-24 09:30:00,162.0,162.0,161.0,162.0,116741.0
2025-09-24 13:30:00,162.5,166.0,162.5,165.25,31588.0
2025-09-25 09:30:00,166.0,166.0,163.75,165.0,515740.0
2025-09-25 13:30:00,164.0,165.0,163.75,164.0,252361.0
2025-09-26 09:30:00,165.0,167.0,165.0,166.75,2042777.0
2025-09-26 13:30:00,166.5,166.75,165.75,165.75,183606.0
2025-09-29 09:30:00,165.75,169.0,165.25,168.25,260237.0
2025-09-29 13:30:00,168.5,169.0,168.25,169.0,185230.0
2025-09-30 09:30:00,169.0,169.75,167.0,168.5,125272.0
2025-09-30 13:30:00,168.75,172.5,168.5,170.0,279920.0
2025-10-01 09:30:00,171.0,174.0,171.0,172.0,239544.0
2025-10-01 13:30:00,172.0,174.0,172.0,174.0,333954.0
2025-10-02 09:30:00,174.75,178.5,174.5,178.5,196241.0
2025-10-02 13:30:00,178.5,182.0,178.5,182.0,1083484.0
2025-10-03 09:30:00,182.0,195.5,182.0,192.0,330761.0
2025-10-03 13:30:00,192.0,192.0,191.0,191.75,22346.0
2025-10-07 09:30:00,192.0,195.0,192.0,194.25,349813.0
2025-10-07 13:30:00,194.25,194.25,192.75,193.0,165225.0
2025-10-08 09:30:00,194.0,194.0,189.5,190.25,500863.0
2025-10-08 13:30:00,192.0,193.0,190.25,193.0,303.0
2025-10-09 09:30:00,189.75,193.0,189.5,191.75,43731.0
2025-10-09 13:30:00,191.0,191.75,190.0,190.0,112129.0
2025-10-10 09:30:00,191.5,192.0,188.5,190.0,228139.0
2025-10-10 13:30:00,191.5,192.0,190.0,191.75,251338.0
2025-10-13 09:30:00,191.5,191.5,187.0,191.0,69413.0
2025-10-13 13:30:00,190.25,192.0,190.25,192.0,183821.0
2025-10-14 09:30:00,191.75,194.0,191.0,193.0,174707.0
2025-10-14 13:30:00,193.0,193.0,191.5,193.0,2948.0
2025-10-15 09:30:00,192.75,194.5,191.0,193.5,354902.0
2025-10-15 13:30:00,193.5,193.5,191.0,192.75,22424.0
2025-10-16 09:30:00,193.0,193.0,189.75,190.0,200874.0
2025-10-16 13:30:00,189.75,191.0,189.75,191.0,69212.0
2025-10-17 09:30:00,190.0,191.5,188.25,189.5,37832.0
2025-10-17 13:30:00,189.5,191.0,189.0,191.0,69811.0
2025-10-21 09:30:00,191.0,191.0,190.0,191.0,96998.0
2025-10-21 13:30:00,191.0,191.0,190.5,191.0,37291.0
2025-10-22 09:30:00,190.5,191.5,190.25,191.25,370767.0
2025-10-22 13:30:00,191.0,191.5,191.0,191.0,20594.0
2025-10-23 09:30:00,191.5,194.25,191.0,192.5,224656.0
2025-10-23 13:30:00,192.5,192.75,191.75,192.75,55694.0
2025-10-24 09:30:00,192.75,192.75,190.0,191.75,284326.0
2025-10-24 13:30:00,191.5,192.0,190.0,192.0,146541.0
2025-10-27 09:30:00,191.0,191.75,190.5,191.5,266138.0
2025-10-27 13:30:00,191.5,192.0,191.5,192.0,25730.0
2025-10-28 09:30:00,192.0,192.0,190.25,191.0,139064.0
2025-10-28 13:30:00,191.0,191.5,191.0,191.0,52104.0
2025-10-29 09:30:00,191.0,192.0,191.0,191.5,83974.0
2025-10-29 13:30:00,191.0,191.5,190.75,191.0,59694.0
2025-10-30 09:30:00,191.0,192.0,190.0,190.0,216917.0
2025-10-30 13:30:00,190.0,191.0,189.0,189.0,117430.0
2025-10-31 09:30:00,190.0,194.75,190.0,190.0,130563.0
2025-10-31 13:30:00,190.0,190.0,188.0,190.0,39849.0
2025-11-03 09:30:00,190.0,192.75,190.0,191.0,99678.0
2025-11-03 13:30:00,190.75,191.0,190.0,191.0,26107.0
2025-11-04 09:30:00,191.0,191.0,189.0,189.75,172792.0
2025-11-04 13:30:00,189.75,189.75,189.25,189.75,13356.0
2025-11-06 09:30:00,189.75,191.0,189.0,189.5,18722.0
2025-11-06 13:30:00,189.5,189.75,188.0,188.0,61849.0
2025-11-07 09:30:00,189.75,190.0,189.0,189.5,11915.0
2025-11-07 13:30:00,189.5,190.0,189.0,190.0,184515.0
2025-11-10 09:30:00,190.0,192.75,189.0,192.0,588982.0
2025-11-10 13:30:00,192.0,192.0,191.75,192.0,241397.0
2025-11-11 09:30:00,192.75,192.75,191.0,192.5,15266.0
2025-11-11 13:30:00,192.75,192.75,192.5,192.5,5165.0
2025-11-12 09:30:00,192.5,192.5,191.5,191.5,19514.0
2025-11-12 13:30:00,192.0,192.0,191.0,191.0,25462.0
2025-11-13 09:30:00,192.0,192.0,191.0,191.5,86209.0
2025-11-13 13:30:00,192.0,192.0,191.0,191.0,81192.0
2025-11-14 09:30:00,192.0,192.0,188.0,191.0,13898.0
2025-11-14 13:30:00,190.75,190.75,186.5,186.5,4117.0
2025-11-17 09:30:00,187.0,190.0,184.0,187.0,53613.0
2025-11-17 13:30:00,186.75,187.0,185.25,185.25,35975.0
2025-11-18 09:30:00,186.0,186.0,185.0,185.5,72864.0
2025-11-18 13:30:00,185.75,186.0,185.0,185.0,113984.0
2025-11-19 09:30:00,184.75,185.0,184.0,184.75,25436.0
2025-11-19 13:30:00,184.75,185.0,184.75,185.0,17363.0
2025-11-20 09:30:00,185.5,185.5,183.0,184.75,566909.0
2025-11-20 13:30:00,184.0,185.5,183.0,184.0,73407.0
2025-11-21 09:30:00,183.0,184.25,182.5,183.0,46949.0
2025-11-21 13:30:00,182.5,183.0,182.5,182.5,27580.0
2025-11-24 09:30:00,184.25,184.25,181.5,183.75,19304.0
2025-11-24 13:30:00,184.0,184.0,181.25,181.25,6988.0
2025-11-25 09:30:00,182.0,185.5,181.0,185.0,310153.0
2025-11-25 13:30:00,185.0,185.0,182.0,182.0,62896.0
2025-11-26 09:30:00,190.0,190.0,183.75,183.75,92362.0
2025-11-26 13:30:00,184.0,184.0,182.0,183.75,298794.0
2025-11-27 09:30:00,184.0,184.0,182.75,183.25,25675.0
2025-11-27 13:30:00,183.0,183.25,183.0,183.0,12035.0
2025-11-28 09:30:00,183.0,184.0,182.0,184.0,63073.0
2025-12-01 09:30:00,182.0,183.0,180.0,180.25,169978.0
2025-12-01 13:30:00,180.0,181.5,177.75,180.0,59523.0
2025-12-02 09:30:00,178.0,181.25,178.0,180.0,157403.0
2025-12-02 13:30:00,179.75,180.0,178.75,178.75,439560.0
2025-12-03 09:30:00,178.0,178.0,174.0,174.0,90632.0
2025-12-03 13:30:00,177.0,177.0,175.0,176.0,6970.0
2025-12-05 09:30:00,175.25,176.0,173.25,173.5,65305.0
2025-12-05 13:30:00,174.0,174.0,172.75,172.75,61632.0
2025-12-08 09:30:00,175.0,175.0,174.0,174.0,47266.0
2025-12-08 13:30:00,174.0,174.0,172.5,173.75,4038.0
2025-12-09 09:30:00,174.5,175.0,173.25,174.0,20000.0
2025-12-09 13:30:00,174.0,175.0,173.0,174.75,99201.0
2025-12-10 09:30:00,175.0,175.0,173.5,174.0,156547.0
2025-12-10 13:30:00,174.0,175.0,173.5,175.0,131693.0
2025-12-11 09:30:00,175.0,175.0,174.25,175.0,122912.0
2025-12-11 13:30:00,175.0,175.0,174.0,174.5,91826.0
2025-12-12 09:30:00,175.0,175.0,174.0,174.0,8428.0
2025-12-12 13:30:00,174.0,174.0,173.5,173.5,104378.0
2025-12-15 09:30:00,173.5,174.0,172.0,173.0,89067.0
2025-12-15 13:30:00,172.75,173.0,172.0,172.75,11236.0
2025-12-16 09:30:00,179.5,179.5,174.0,175.0,27945.0
2025-12-16 13:30:00,175.0,175.0,173.5,174.0,53586.0
2025-12-17 09:30:00,174.75,175.0,174.5,174.5,12699.0
2025-12-17 13:30:00,174.75,175.0,173.25,174.0,5784.0
2025-12-18 09:30:00,175.0,175.0,172.0,172.0,48788.0
2025-12-18 13:30:00,172.25,173.0,172.0,172.0,29147.0
2025-12-19 09:30:00,175.0,175.0,171.75,172.0,164391.0
2025-12-19 13:30:00,172.0,172.0,170.0,171.0,82165.0
2025-12-22 09:30:00,171.0,174.0,169.25,170.0,162728.0
2025-12-22 13:30:00,170.0,170.0,169.75,170.0,98786.0
2025-12-23 09:30:00,170.0,170.0,168.5,168.5,57260.0
2025-12-23 13:30:00,169.5,169.5,168.5,168.5,3388.0
2025-12-24 09:30:00,170.0,170.0,167.0,168.0,20826.0
2025-12-24 13:30:00,168.0,169.0,166.0,169.0,17348.0
2025-12-26 09:30:00,167.0,168.0,167.0,167.0,78127.0
2025-12-26 13:30:00,167.0,167.0,166.5,167.0,25226.0
2025-12-29 09:30:00,167.0,167.0,166.25,166.5,60035.0
2025-12-29 13:30:00,166.5,166.5,166.25,166.25,10620.0
2025-12-30 09:30:00,167.0,179.25,165.75,178.0,62581.0
2025-12-30 13:30:00,177.0,177.0,172.5,173.0,12785.0
2025-12-31 09:30:00,178.0,178.0,173.5,174.5,67969.0
2025-12-31 13:30:00,174.25,174.25,173.5,174.0,340785.0
2026-01-02 09:30:00,175.0,175.0,173.5,175.0,379003.0
2026-01-02 13:30:00,175.0,177.25,174.0,177.25,211419.0
2026-01-07 09:30:00,178.0,179.25,178.0,179.25,476.0
2026-01-08 09:30:00,179.25,179.75,177.5,178.0,19819.0
2026-01-08 13:30:00,178.0,178.5,177.75,178.0,115830.0
2026-01-09 09:30:00,179.75,179.75,177.5,178.0,66615.0
2026-01-09 13:30:00,178.0,178.0,175.0,175.0,211075.0
2026-01-12 09:30:00,176.5,178.0,175.5,176.0,233793.0
2026-01-12 13:30:00,177.0,177.0,175.75,176.0,57382.0
2026-01-13 09:30:00,176.0,177.5,174.75,175.0,1130883.0
2026-01-13 13:30:00,177.25,178.0,175.0,176.5,16401.0
2026-01-14 09:30:00,178.0,181.0,176.0,180.0,261197.0
2026-01-14 13:30:00,180.0,180.0,179.75,180.0,14815.0
2026-01-16 09:30:00,180.0,180.0,179.0,180.0,128996.0
2026-01-16 13:30:00,180.0,180.0,179.75,180.0,50330.0
